Bus_k,Bus_j,Connectivity,
slack,slack,1,
slack,primary,1,
slack,secondary,0,
slack,f5_22,0,
slack,f5_75,0,
slack,f5_83,0,
slack,f5_117,0,
slack,f5_87,0,
slack,f5_132,0,
slack,f5_92,0,
slack,f5_140,0,
slack,f5_98,0,
slack,f5_130,0,
slack,f5_105,0,
slack,f5_148,0,
slack,f5_111,0,
slack,f5_166,0,
slack,f5_133,0,
slack,f5_124,0,
slack,f5_125,0,
slack,f5_149,0,
slack,f5_139,0,
slack,f5_161,0,
slack,f5_142,0,
slack,f5_153,0,
slack,f5_188,0,
slack,f5_160,0,
slack,f5_151,0,
slack,f5_167,0,
slack,f5_159,0,
slack,f5_174,0,
slack,f5_211,0,
slack,f5_178,0,
slack,f5_173,0,
slack,f5_189,0,
slack,f5_227,0,
slack,f5_200,0,
slack,f5_194,0,
slack,f5_201,0,
slack,f5_237,0,
slack,f5_234,0,
slack,f5_268,0,
slack,f5_216,0,
slack,f5_222,0,
slack,f5_232,0,
slack,f5_238,0,
slack,f5_308,0,
slack,f5_274,0,
slack,f5_243,0,
slack,f5_256,0,
primary,slack,1,
primary,primary,1,
primary,secondary,1,
primary,f5_22,0,
primary,f5_75,0,
primary,f5_83,0,
primary,f5_117,0,
primary,f5_87,0,
primary,f5_132,0,
primary,f5_92,0,
primary,f5_140,0,
primary,f5_98,0,
primary,f5_130,0,
primary,f5_105,0,
primary,f5_148,0,
primary,f5_111,0,
primary,f5_166,0,
primary,f5_133,0,
primary,f5_124,0,
primary,f5_125,0,
primary,f5_149,0,
primary,f5_139,0,
primary,f5_161,0,
primary,f5_142,0,
primary,f5_153,0,
primary,f5_188,0,
primary,f5_160,0,
primary,f5_151,0,
primary,f5_167,0,
primary,f5_159,0,
primary,f5_174,0,
primary,f5_211,0,
primary,f5_178,0,
primary,f5_173,0,
primary,f5_189,0,
primary,f5_227,0,
primary,f5_200,0,
primary,f5_194,0,
primary,f5_201,0,
primary,f5_237,0,
primary,f5_234,0,
primary,f5_268,0,
primary,f5_216,0,
primary,f5_222,0,
primary,f5_232,0,
primary,f5_238,0,
primary,f5_308,0,
primary,f5_274,0,
primary,f5_243,0,
primary,f5_256,0,
secondary,slack,0,
secondary,primary,1,
secondary,secondary,1,
secondary,f5_22,1,
secondary,f5_75,0,
secondary,f5_83,0,
secondary,f5_117,0,
secondary,f5_87,0,
secondary,f5_132,0,
secondary,f5_92,0,
secondary,f5_140,0,
secondary,f5_98,0,
secondary,f5_130,0,
secondary,f5_105,0,
secondary,f5_148,0,
secondary,f5_111,0,
secondary,f5_166,0,
secondary,f5_133,0,
secondary,f5_124,0,
secondary,f5_125,0,
secondary,f5_149,0,
secondary,f5_139,0,
secondary,f5_161,0,
secondary,f5_142,0,
secondary,f5_153,0,
secondary,f5_188,0,
secondary,f5_160,0,
secondary,f5_151,0,
secondary,f5_167,0,
secondary,f5_159,0,
secondary,f5_174,0,
secondary,f5_211,0,
secondary,f5_178,0,
secondary,f5_173,0,
secondary,f5_189,0,
secondary,f5_227,0,
secondary,f5_200,0,
secondary,f5_194,0,
secondary,f5_201,0,
secondary,f5_237,0,
secondary,f5_234,0,
secondary,f5_268,0,
secondary,f5_216,0,
secondary,f5_222,0,
secondary,f5_232,0,
secondary,f5_238,0,
secondary,f5_308,0,
secondary,f5_274,0,
secondary,f5_243,0,
secondary,f5_256,0,
f5_22,slack,0,
f5_22,primary,0,
f5_22,secondary,1,
f5_22,f5_22,1,
f5_22,f5_75,1,
f5_22,f5_83,0,
f5_22,f5_117,0,
f5_22,f5_87,0,
f5_22,f5_132,0,
f5_22,f5_92,0,
f5_22,f5_140,0,
f5_22,f5_98,0,
f5_22,f5_130,0,
f5_22,f5_105,0,
f5_22,f5_148,0,
f5_22,f5_111,0,
f5_22,f5_166,0,
f5_22,f5_133,0,
f5_22,f5_124,0,
f5_22,f5_125,0,
f5_22,f5_149,0,
f5_22,f5_139,0,
f5_22,f5_161,0,
f5_22,f5_142,0,
f5_22,f5_153,0,
f5_22,f5_188,0,
f5_22,f5_160,0,
f5_22,f5_151,0,
f5_22,f5_167,0,
f5_22,f5_159,0,
f5_22,f5_174,0,
f5_22,f5_211,0,
f5_22,f5_178,0,
f5_22,f5_173,0,
f5_22,f5_189,0,
f5_22,f5_227,0,
f5_22,f5_200,0,
f5_22,f5_194,0,
f5_22,f5_201,0,
f5_22,f5_237,0,
f5_22,f5_234,0,
f5_22,f5_268,0,
f5_22,f5_216,0,
f5_22,f5_222,0,
f5_22,f5_232,0,
f5_22,f5_238,0,
f5_22,f5_308,0,
f5_22,f5_274,0,
f5_22,f5_243,0,
f5_22,f5_256,0,
f5_75,slack,0,
f5_75,primary,0,
f5_75,secondary,0,
f5_75,f5_22,1,
f5_75,f5_75,1,
f5_75,f5_83,1,
f5_75,f5_117,1,
f5_75,f5_87,0,
f5_75,f5_132,0,
f5_75,f5_92,0,
f5_75,f5_140,0,
f5_75,f5_98,0,
f5_75,f5_130,0,
f5_75,f5_105,0,
f5_75,f5_148,0,
f5_75,f5_111,0,
f5_75,f5_166,0,
f5_75,f5_133,0,
f5_75,f5_124,0,
f5_75,f5_125,0,
f5_75,f5_149,0,
f5_75,f5_139,0,
f5_75,f5_161,0,
f5_75,f5_142,0,
f5_75,f5_153,0,
f5_75,f5_188,0,
f5_75,f5_160,0,
f5_75,f5_151,0,
f5_75,f5_167,0,
f5_75,f5_159,0,
f5_75,f5_174,0,
f5_75,f5_211,0,
f5_75,f5_178,0,
f5_75,f5_173,0,
f5_75,f5_189,0,
f5_75,f5_227,0,
f5_75,f5_200,0,
f5_75,f5_194,0,
f5_75,f5_201,0,
f5_75,f5_237,0,
f5_75,f5_234,0,
f5_75,f5_268,0,
f5_75,f5_216,0,
f5_75,f5_222,0,
f5_75,f5_232,0,
f5_75,f5_238,0,
f5_75,f5_308,0,
f5_75,f5_274,0,
f5_75,f5_243,0,
f5_75,f5_256,0,
f5_83,slack,0,
f5_83,primary,0,
f5_83,secondary,0,
f5_83,f5_22,0,
f5_83,f5_75,1,
f5_83,f5_83,1,
f5_83,f5_117,0,
f5_83,f5_87,1,
f5_83,f5_132,1,
f5_83,f5_92,0,
f5_83,f5_140,0,
f5_83,f5_98,0,
f5_83,f5_130,0,
f5_83,f5_105,0,
f5_83,f5_148,0,
f5_83,f5_111,0,
f5_83,f5_166,0,
f5_83,f5_133,0,
f5_83,f5_124,0,
f5_83,f5_125,0,
f5_83,f5_149,0,
f5_83,f5_139,0,
f5_83,f5_161,0,
f5_83,f5_142,0,
f5_83,f5_153,0,
f5_83,f5_188,0,
f5_83,f5_160,0,
f5_83,f5_151,0,
f5_83,f5_167,0,
f5_83,f5_159,0,
f5_83,f5_174,0,
f5_83,f5_211,0,
f5_83,f5_178,0,
f5_83,f5_173,0,
f5_83,f5_189,0,
f5_83,f5_227,0,
f5_83,f5_200,0,
f5_83,f5_194,0,
f5_83,f5_201,0,
f5_83,f5_237,0,
f5_83,f5_234,0,
f5_83,f5_268,0,
f5_83,f5_216,0,
f5_83,f5_222,0,
f5_83,f5_232,0,
f5_83,f5_238,0,
f5_83,f5_308,0,
f5_83,f5_274,0,
f5_83,f5_243,0,
f5_83,f5_256,0,
f5_117,slack,0,
f5_117,primary,0,
f5_117,secondary,0,
f5_117,f5_22,0,
f5_117,f5_75,1,
f5_117,f5_83,0,
f5_117,f5_117,1,
f5_117,f5_87,0,
f5_117,f5_132,0,
f5_117,f5_92,0,
f5_117,f5_140,0,
f5_117,f5_98,0,
f5_117,f5_130,0,
f5_117,f5_105,0,
f5_117,f5_148,0,
f5_117,f5_111,0,
f5_117,f5_166,0,
f5_117,f5_133,0,
f5_117,f5_124,1,
f5_117,f5_125,1,
f5_117,f5_149,0,
f5_117,f5_139,0,
f5_117,f5_161,0,
f5_117,f5_142,0,
f5_117,f5_153,0,
f5_117,f5_188,0,
f5_117,f5_160,0,
f5_117,f5_151,0,
f5_117,f5_167,0,
f5_117,f5_159,0,
f5_117,f5_174,0,
f5_117,f5_211,0,
f5_117,f5_178,0,
f5_117,f5_173,0,
f5_117,f5_189,0,
f5_117,f5_227,0,
f5_117,f5_200,0,
f5_117,f5_194,0,
f5_117,f5_201,0,
f5_117,f5_237,0,
f5_117,f5_234,0,
f5_117,f5_268,0,
f5_117,f5_216,0,
f5_117,f5_222,0,
f5_117,f5_232,0,
f5_117,f5_238,0,
f5_117,f5_308,0,
f5_117,f5_274,0,
f5_117,f5_243,0,
f5_117,f5_256,0,
f5_87,slack,0,
f5_87,primary,0,
f5_87,secondary,0,
f5_87,f5_22,0,
f5_87,f5_75,0,
f5_87,f5_83,1,
f5_87,f5_117,0,
f5_87,f5_87,1,
f5_87,f5_132,0,
f5_87,f5_92,1,
f5_87,f5_140,1,
f5_87,f5_98,0,
f5_87,f5_130,0,
f5_87,f5_105,0,
f5_87,f5_148,0,
f5_87,f5_111,0,
f5_87,f5_166,0,
f5_87,f5_133,0,
f5_87,f5_124,0,
f5_87,f5_125,0,
f5_87,f5_149,0,
f5_87,f5_139,0,
f5_87,f5_161,0,
f5_87,f5_142,0,
f5_87,f5_153,0,
f5_87,f5_188,0,
f5_87,f5_160,0,
f5_87,f5_151,0,
f5_87,f5_167,0,
f5_87,f5_159,0,
f5_87,f5_174,0,
f5_87,f5_211,0,
f5_87,f5_178,0,
f5_87,f5_173,0,
f5_87,f5_189,0,
f5_87,f5_227,0,
f5_87,f5_200,0,
f5_87,f5_194,0,
f5_87,f5_201,0,
f5_87,f5_237,0,
f5_87,f5_234,0,
f5_87,f5_268,0,
f5_87,f5_216,0,
f5_87,f5_222,0,
f5_87,f5_232,0,
f5_87,f5_238,0,
f5_87,f5_308,0,
f5_87,f5_274,0,
f5_87,f5_243,0,
f5_87,f5_256,0,
f5_132,slack,0,
f5_132,primary,0,
f5_132,secondary,0,
f5_132,f5_22,0,
f5_132,f5_75,0,
f5_132,f5_83,1,
f5_132,f5_117,0,
f5_132,f5_87,0,
f5_132,f5_132,1,
f5_132,f5_92,0,
f5_132,f5_140,0,
f5_132,f5_98,0,
f5_132,f5_130,0,
f5_132,f5_105,0,
f5_132,f5_148,0,
f5_132,f5_111,0,
f5_132,f5_166,0,
f5_132,f5_133,0,
f5_132,f5_124,0,
f5_132,f5_125,0,
f5_132,f5_149,0,
f5_132,f5_139,0,
f5_132,f5_161,1,
f5_132,f5_142,1,
f5_132,f5_153,0,
f5_132,f5_188,0,
f5_132,f5_160,0,
f5_132,f5_151,0,
f5_132,f5_167,0,
f5_132,f5_159,0,
f5_132,f5_174,0,
f5_132,f5_211,0,
f5_132,f5_178,0,
f5_132,f5_173,0,
f5_132,f5_189,0,
f5_132,f5_227,0,
f5_132,f5_200,0,
f5_132,f5_194,0,
f5_132,f5_201,0,
f5_132,f5_237,0,
f5_132,f5_234,0,
f5_132,f5_268,0,
f5_132,f5_216,0,
f5_132,f5_222,0,
f5_132,f5_232,0,
f5_132,f5_238,0,
f5_132,f5_308,0,
f5_132,f5_274,0,
f5_132,f5_243,0,
f5_132,f5_256,0,
f5_92,slack,0,
f5_92,primary,0,
f5_92,secondary,0,
f5_92,f5_22,0,
f5_92,f5_75,0,
f5_92,f5_83,0,
f5_92,f5_117,0,
f5_92,f5_87,1,
f5_92,f5_132,0,
f5_92,f5_92,1,
f5_92,f5_140,0,
f5_92,f5_98,1,
f5_92,f5_130,1,
f5_92,f5_105,0,
f5_92,f5_148,0,
f5_92,f5_111,0,
f5_92,f5_166,0,
f5_92,f5_133,0,
f5_92,f5_124,0,
f5_92,f5_125,0,
f5_92,f5_149,0,
f5_92,f5_139,0,
f5_92,f5_161,0,
f5_92,f5_142,0,
f5_92,f5_153,0,
f5_92,f5_188,0,
f5_92,f5_160,0,
f5_92,f5_151,0,
f5_92,f5_167,0,
f5_92,f5_159,0,
f5_92,f5_174,0,
f5_92,f5_211,0,
f5_92,f5_178,0,
f5_92,f5_173,0,
f5_92,f5_189,0,
f5_92,f5_227,0,
f5_92,f5_200,0,
f5_92,f5_194,0,
f5_92,f5_201,0,
f5_92,f5_237,0,
f5_92,f5_234,0,
f5_92,f5_268,0,
f5_92,f5_216,0,
f5_92,f5_222,0,
f5_92,f5_232,0,
f5_92,f5_238,0,
f5_92,f5_308,0,
f5_92,f5_274,0,
f5_92,f5_243,0,
f5_92,f5_256,0,
f5_140,slack,0,
f5_140,primary,0,
f5_140,secondary,0,
f5_140,f5_22,0,
f5_140,f5_75,0,
f5_140,f5_83,0,
f5_140,f5_117,0,
f5_140,f5_87,1,
f5_140,f5_132,0,
f5_140,f5_92,0,
f5_140,f5_140,1,
f5_140,f5_98,0,
f5_140,f5_130,0,
f5_140,f5_105,0,
f5_140,f5_148,0,
f5_140,f5_111,0,
f5_140,f5_166,0,
f5_140,f5_133,0,
f5_140,f5_124,0,
f5_140,f5_125,0,
f5_140,f5_149,0,
f5_140,f5_139,0,
f5_140,f5_161,0,
f5_140,f5_142,0,
f5_140,f5_153,0,
f5_140,f5_188,0,
f5_140,f5_160,1,
f5_140,f5_151,1,
f5_140,f5_167,0,
f5_140,f5_159,0,
f5_140,f5_174,0,
f5_140,f5_211,0,
f5_140,f5_178,0,
f5_140,f5_173,0,
f5_140,f5_189,0,
f5_140,f5_227,0,
f5_140,f5_200,0,
f5_140,f5_194,0,
f5_140,f5_201,0,
f5_140,f5_237,0,
f5_140,f5_234,0,
f5_140,f5_268,0,
f5_140,f5_216,0,
f5_140,f5_222,0,
f5_140,f5_232,0,
f5_140,f5_238,0,
f5_140,f5_308,0,
f5_140,f5_274,0,
f5_140,f5_243,0,
f5_140,f5_256,0,
f5_98,slack,0,
f5_98,primary,0,
f5_98,secondary,0,
f5_98,f5_22,0,
f5_98,f5_75,0,
f5_98,f5_83,0,
f5_98,f5_117,0,
f5_98,f5_87,0,
f5_98,f5_132,0,
f5_98,f5_92,1,
f5_98,f5_140,0,
f5_98,f5_98,1,
f5_98,f5_130,0,
f5_98,f5_105,1,
f5_98,f5_148,1,
f5_98,f5_111,0,
f5_98,f5_166,0,
f5_98,f5_133,0,
f5_98,f5_124,0,
f5_98,f5_125,0,
f5_98,f5_149,0,
f5_98,f5_139,0,
f5_98,f5_161,0,
f5_98,f5_142,0,
f5_98,f5_153,0,
f5_98,f5_188,0,
f5_98,f5_160,0,
f5_98,f5_151,0,
f5_98,f5_167,0,
f5_98,f5_159,0,
f5_98,f5_174,0,
f5_98,f5_211,0,
f5_98,f5_178,0,
f5_98,f5_173,0,
f5_98,f5_189,0,
f5_98,f5_227,0,
f5_98,f5_200,0,
f5_98,f5_194,0,
f5_98,f5_201,0,
f5_98,f5_237,0,
f5_98,f5_234,0,
f5_98,f5_268,0,
f5_98,f5_216,0,
f5_98,f5_222,0,
f5_98,f5_232,0,
f5_98,f5_238,0,
f5_98,f5_308,0,
f5_98,f5_274,0,
f5_98,f5_243,0,
f5_98,f5_256,0,
f5_130,slack,0,
f5_130,primary,0,
f5_130,secondary,0,
f5_130,f5_22,0,
f5_130,f5_75,0,
f5_130,f5_83,0,
f5_130,f5_117,0,
f5_130,f5_87,0,
f5_130,f5_132,0,
f5_130,f5_92,1,
f5_130,f5_140,0,
f5_130,f5_98,0,
f5_130,f5_130,1,
f5_130,f5_105,0,
f5_130,f5_148,0,
f5_130,f5_111,0,
f5_130,f5_166,0,
f5_130,f5_133,0,
f5_130,f5_124,0,
f5_130,f5_125,0,
f5_130,f5_149,1,
f5_130,f5_139,1,
f5_130,f5_161,0,
f5_130,f5_142,0,
f5_130,f5_153,0,
f5_130,f5_188,0,
f5_130,f5_160,0,
f5_130,f5_151,0,
f5_130,f5_167,0,
f5_130,f5_159,0,
f5_130,f5_174,0,
f5_130,f5_211,0,
f5_130,f5_178,0,
f5_130,f5_173,0,
f5_130,f5_189,0,
f5_130,f5_227,0,
f5_130,f5_200,0,
f5_130,f5_194,0,
f5_130,f5_201,0,
f5_130,f5_237,0,
f5_130,f5_234,0,
f5_130,f5_268,0,
f5_130,f5_216,0,
f5_130,f5_222,0,
f5_130,f5_232,0,
f5_130,f5_238,0,
f5_130,f5_308,0,
f5_130,f5_274,0,
f5_130,f5_243,0,
f5_130,f5_256,0,
f5_105,slack,0,
f5_105,primary,0,
f5_105,secondary,0,
f5_105,f5_22,0,
f5_105,f5_75,0,
f5_105,f5_83,0,
f5_105,f5_117,0,
f5_105,f5_87,0,
f5_105,f5_132,0,
f5_105,f5_92,0,
f5_105,f5_140,0,
f5_105,f5_98,1,
f5_105,f5_130,0,
f5_105,f5_105,1,
f5_105,f5_148,0,
f5_105,f5_111,1,
f5_105,f5_166,1,
f5_105,f5_133,0,
f5_105,f5_124,0,
f5_105,f5_125,0,
f5_105,f5_149,0,
f5_105,f5_139,0,
f5_105,f5_161,0,
f5_105,f5_142,0,
f5_105,f5_153,0,
f5_105,f5_188,0,
f5_105,f5_160,0,
f5_105,f5_151,0,
f5_105,f5_167,0,
f5_105,f5_159,0,
f5_105,f5_174,0,
f5_105,f5_211,0,
f5_105,f5_178,0,
f5_105,f5_173,0,
f5_105,f5_189,0,
f5_105,f5_227,0,
f5_105,f5_200,0,
f5_105,f5_194,0,
f5_105,f5_201,0,
f5_105,f5_237,0,
f5_105,f5_234,0,
f5_105,f5_268,0,
f5_105,f5_216,0,
f5_105,f5_222,0,
f5_105,f5_232,0,
f5_105,f5_238,0,
f5_105,f5_308,0,
f5_105,f5_274,0,
f5_105,f5_243,0,
f5_105,f5_256,0,
f5_148,slack,0,
f5_148,primary,0,
f5_148,secondary,0,
f5_148,f5_22,0,
f5_148,f5_75,0,
f5_148,f5_83,0,
f5_148,f5_117,0,
f5_148,f5_87,0,
f5_148,f5_132,0,
f5_148,f5_92,0,
f5_148,f5_140,0,
f5_148,f5_98,1,
f5_148,f5_130,0,
f5_148,f5_105,0,
f5_148,f5_148,1,
f5_148,f5_111,0,
f5_148,f5_166,0,
f5_148,f5_133,0,
f5_148,f5_124,0,
f5_148,f5_125,0,
f5_148,f5_149,0,
f5_148,f5_139,0,
f5_148,f5_161,0,
f5_148,f5_142,0,
f5_148,f5_153,0,
f5_148,f5_188,0,
f5_148,f5_160,0,
f5_148,f5_151,0,
f5_148,f5_167,1,
f5_148,f5_159,1,
f5_148,f5_174,0,
f5_148,f5_211,0,
f5_148,f5_178,0,
f5_148,f5_173,0,
f5_148,f5_189,0,
f5_148,f5_227,0,
f5_148,f5_200,0,
f5_148,f5_194,0,
f5_148,f5_201,0,
f5_148,f5_237,0,
f5_148,f5_234,0,
f5_148,f5_268,0,
f5_148,f5_216,0,
f5_148,f5_222,0,
f5_148,f5_232,0,
f5_148,f5_238,0,
f5_148,f5_308,0,
f5_148,f5_274,0,
f5_148,f5_243,0,
f5_148,f5_256,0,
f5_111,slack,0,
f5_111,primary,0,
f5_111,secondary,0,
f5_111,f5_22,0,
f5_111,f5_75,0,
f5_111,f5_83,0,
f5_111,f5_117,0,
f5_111,f5_87,0,
f5_111,f5_132,0,
f5_111,f5_92,0,
f5_111,f5_140,0,
f5_111,f5_98,0,
f5_111,f5_130,0,
f5_111,f5_105,1,
f5_111,f5_148,0,
f5_111,f5_111,1,
f5_111,f5_166,0,
f5_111,f5_133,1,
f5_111,f5_124,0,
f5_111,f5_125,0,
f5_111,f5_149,0,
f5_111,f5_139,0,
f5_111,f5_161,0,
f5_111,f5_142,0,
f5_111,f5_153,0,
f5_111,f5_188,0,
f5_111,f5_160,0,
f5_111,f5_151,0,
f5_111,f5_167,0,
f5_111,f5_159,0,
f5_111,f5_174,0,
f5_111,f5_211,0,
f5_111,f5_178,0,
f5_111,f5_173,0,
f5_111,f5_189,0,
f5_111,f5_227,0,
f5_111,f5_200,0,
f5_111,f5_194,0,
f5_111,f5_201,0,
f5_111,f5_237,0,
f5_111,f5_234,0,
f5_111,f5_268,0,
f5_111,f5_216,0,
f5_111,f5_222,0,
f5_111,f5_232,0,
f5_111,f5_238,0,
f5_111,f5_308,0,
f5_111,f5_274,0,
f5_111,f5_243,0,
f5_111,f5_256,0,
f5_166,slack,0,
f5_166,primary,0,
f5_166,secondary,0,
f5_166,f5_22,0,
f5_166,f5_75,0,
f5_166,f5_83,0,
f5_166,f5_117,0,
f5_166,f5_87,0,
f5_166,f5_132,0,
f5_166,f5_92,0,
f5_166,f5_140,0,
f5_166,f5_98,0,
f5_166,f5_130,0,
f5_166,f5_105,1,
f5_166,f5_148,0,
f5_166,f5_111,0,
f5_166,f5_166,1,
f5_166,f5_133,0,
f5_166,f5_124,0,
f5_166,f5_125,0,
f5_166,f5_149,0,
f5_166,f5_139,0,
f5_166,f5_161,0,
f5_166,f5_142,0,
f5_166,f5_153,0,
f5_166,f5_188,0,
f5_166,f5_160,0,
f5_166,f5_151,0,
f5_166,f5_167,0,
f5_166,f5_159,0,
f5_166,f5_174,0,
f5_166,f5_211,0,
f5_166,f5_178,1,
f5_166,f5_173,1,
f5_166,f5_189,0,
f5_166,f5_227,0,
f5_166,f5_200,0,
f5_166,f5_194,0,
f5_166,f5_201,0,
f5_166,f5_237,0,
f5_166,f5_234,0,
f5_166,f5_268,0,
f5_166,f5_216,0,
f5_166,f5_222,0,
f5_166,f5_232,0,
f5_166,f5_238,0,
f5_166,f5_308,0,
f5_166,f5_274,0,
f5_166,f5_243,0,
f5_166,f5_256,0,
f5_133,slack,0,
f5_133,primary,0,
f5_133,secondary,0,
f5_133,f5_22,0,
f5_133,f5_75,0,
f5_133,f5_83,0,
f5_133,f5_117,0,
f5_133,f5_87,0,
f5_133,f5_132,0,
f5_133,f5_92,0,
f5_133,f5_140,0,
f5_133,f5_98,0,
f5_133,f5_130,0,
f5_133,f5_105,0,
f5_133,f5_148,0,
f5_133,f5_111,1,
f5_133,f5_166,0,
f5_133,f5_133,1,
f5_133,f5_124,0,
f5_133,f5_125,0,
f5_133,f5_149,0,
f5_133,f5_139,0,
f5_133,f5_161,0,
f5_133,f5_142,0,
f5_133,f5_153,1,
f5_133,f5_188,1,
f5_133,f5_160,0,
f5_133,f5_151,0,
f5_133,f5_167,0,
f5_133,f5_159,0,
f5_133,f5_174,0,
f5_133,f5_211,0,
f5_133,f5_178,0,
f5_133,f5_173,0,
f5_133,f5_189,0,
f5_133,f5_227,0,
f5_133,f5_200,0,
f5_133,f5_194,0,
f5_133,f5_201,0,
f5_133,f5_237,0,
f5_133,f5_234,0,
f5_133,f5_268,0,
f5_133,f5_216,0,
f5_133,f5_222,0,
f5_133,f5_232,0,
f5_133,f5_238,0,
f5_133,f5_308,0,
f5_133,f5_274,0,
f5_133,f5_243,0,
f5_133,f5_256,0,
f5_124,slack,0,
f5_124,primary,0,
f5_124,secondary,0,
f5_124,f5_22,0,
f5_124,f5_75,0,
f5_124,f5_83,0,
f5_124,f5_117,1,
f5_124,f5_87,0,
f5_124,f5_132,0,
f5_124,f5_92,0,
f5_124,f5_140,0,
f5_124,f5_98,0,
f5_124,f5_130,0,
f5_124,f5_105,0,
f5_124,f5_148,0,
f5_124,f5_111,0,
f5_124,f5_166,0,
f5_124,f5_133,0,
f5_124,f5_124,1,
f5_124,f5_125,0,
f5_124,f5_149,0,
f5_124,f5_139,0,
f5_124,f5_161,0,
f5_124,f5_142,0,
f5_124,f5_153,0,
f5_124,f5_188,0,
f5_124,f5_160,0,
f5_124,f5_151,0,
f5_124,f5_167,0,
f5_124,f5_159,0,
f5_124,f5_174,0,
f5_124,f5_211,0,
f5_124,f5_178,0,
f5_124,f5_173,0,
f5_124,f5_189,0,
f5_124,f5_227,0,
f5_124,f5_200,0,
f5_124,f5_194,0,
f5_124,f5_201,0,
f5_124,f5_237,0,
f5_124,f5_234,0,
f5_124,f5_268,0,
f5_124,f5_216,0,
f5_124,f5_222,0,
f5_124,f5_232,0,
f5_124,f5_238,0,
f5_124,f5_308,0,
f5_124,f5_274,0,
f5_124,f5_243,0,
f5_124,f5_256,0,
f5_125,slack,0,
f5_125,primary,0,
f5_125,secondary,0,
f5_125,f5_22,0,
f5_125,f5_75,0,
f5_125,f5_83,0,
f5_125,f5_117,1,
f5_125,f5_87,0,
f5_125,f5_132,0,
f5_125,f5_92,0,
f5_125,f5_140,0,
f5_125,f5_98,0,
f5_125,f5_130,0,
f5_125,f5_105,0,
f5_125,f5_148,0,
f5_125,f5_111,0,
f5_125,f5_166,0,
f5_125,f5_133,0,
f5_125,f5_124,0,
f5_125,f5_125,1,
f5_125,f5_149,0,
f5_125,f5_139,0,
f5_125,f5_161,0,
f5_125,f5_142,0,
f5_125,f5_153,0,
f5_125,f5_188,0,
f5_125,f5_160,0,
f5_125,f5_151,0,
f5_125,f5_167,0,
f5_125,f5_159,0,
f5_125,f5_174,0,
f5_125,f5_211,0,
f5_125,f5_178,0,
f5_125,f5_173,0,
f5_125,f5_189,0,
f5_125,f5_227,0,
f5_125,f5_200,0,
f5_125,f5_194,0,
f5_125,f5_201,0,
f5_125,f5_237,0,
f5_125,f5_234,0,
f5_125,f5_268,0,
f5_125,f5_216,0,
f5_125,f5_222,0,
f5_125,f5_232,0,
f5_125,f5_238,0,
f5_125,f5_308,0,
f5_125,f5_274,0,
f5_125,f5_243,0,
f5_125,f5_256,0,
f5_149,slack,0,
f5_149,primary,0,
f5_149,secondary,0,
f5_149,f5_22,0,
f5_149,f5_75,0,
f5_149,f5_83,0,
f5_149,f5_117,0,
f5_149,f5_87,0,
f5_149,f5_132,0,
f5_149,f5_92,0,
f5_149,f5_140,0,
f5_149,f5_98,0,
f5_149,f5_130,1,
f5_149,f5_105,0,
f5_149,f5_148,0,
f5_149,f5_111,0,
f5_149,f5_166,0,
f5_149,f5_133,0,
f5_149,f5_124,0,
f5_149,f5_125,0,
f5_149,f5_149,1,
f5_149,f5_139,0,
f5_149,f5_161,0,
f5_149,f5_142,0,
f5_149,f5_153,0,
f5_149,f5_188,0,
f5_149,f5_160,0,
f5_149,f5_151,0,
f5_149,f5_167,0,
f5_149,f5_159,0,
f5_149,f5_174,0,
f5_149,f5_211,0,
f5_149,f5_178,0,
f5_149,f5_173,0,
f5_149,f5_189,0,
f5_149,f5_227,0,
f5_149,f5_200,0,
f5_149,f5_194,0,
f5_149,f5_201,0,
f5_149,f5_237,0,
f5_149,f5_234,0,
f5_149,f5_268,0,
f5_149,f5_216,0,
f5_149,f5_222,0,
f5_149,f5_232,0,
f5_149,f5_238,0,
f5_149,f5_308,0,
f5_149,f5_274,0,
f5_149,f5_243,0,
f5_149,f5_256,0,
f5_139,slack,0,
f5_139,primary,0,
f5_139,secondary,0,
f5_139,f5_22,0,
f5_139,f5_75,0,
f5_139,f5_83,0,
f5_139,f5_117,0,
f5_139,f5_87,0,
f5_139,f5_132,0,
f5_139,f5_92,0,
f5_139,f5_140,0,
f5_139,f5_98,0,
f5_139,f5_130,1,
f5_139,f5_105,0,
f5_139,f5_148,0,
f5_139,f5_111,0,
f5_139,f5_166,0,
f5_139,f5_133,0,
f5_139,f5_124,0,
f5_139,f5_125,0,
f5_139,f5_149,0,
f5_139,f5_139,1,
f5_139,f5_161,0,
f5_139,f5_142,0,
f5_139,f5_153,0,
f5_139,f5_188,0,
f5_139,f5_160,0,
f5_139,f5_151,0,
f5_139,f5_167,0,
f5_139,f5_159,0,
f5_139,f5_174,0,
f5_139,f5_211,0,
f5_139,f5_178,0,
f5_139,f5_173,0,
f5_139,f5_189,0,
f5_139,f5_227,0,
f5_139,f5_200,0,
f5_139,f5_194,0,
f5_139,f5_201,0,
f5_139,f5_237,0,
f5_139,f5_234,0,
f5_139,f5_268,0,
f5_139,f5_216,0,
f5_139,f5_222,0,
f5_139,f5_232,0,
f5_139,f5_238,0,
f5_139,f5_308,0,
f5_139,f5_274,0,
f5_139,f5_243,0,
f5_139,f5_256,0,
f5_161,slack,0,
f5_161,primary,0,
f5_161,secondary,0,
f5_161,f5_22,0,
f5_161,f5_75,0,
f5_161,f5_83,0,
f5_161,f5_117,0,
f5_161,f5_87,0,
f5_161,f5_132,1,
f5_161,f5_92,0,
f5_161,f5_140,0,
f5_161,f5_98,0,
f5_161,f5_130,0,
f5_161,f5_105,0,
f5_161,f5_148,0,
f5_161,f5_111,0,
f5_161,f5_166,0,
f5_161,f5_133,0,
f5_161,f5_124,0,
f5_161,f5_125,0,
f5_161,f5_149,0,
f5_161,f5_139,0,
f5_161,f5_161,1,
f5_161,f5_142,0,
f5_161,f5_153,0,
f5_161,f5_188,0,
f5_161,f5_160,0,
f5_161,f5_151,0,
f5_161,f5_167,0,
f5_161,f5_159,0,
f5_161,f5_174,0,
f5_161,f5_211,0,
f5_161,f5_178,0,
f5_161,f5_173,0,
f5_161,f5_189,0,
f5_161,f5_227,0,
f5_161,f5_200,0,
f5_161,f5_194,0,
f5_161,f5_201,0,
f5_161,f5_237,0,
f5_161,f5_234,0,
f5_161,f5_268,0,
f5_161,f5_216,0,
f5_161,f5_222,0,
f5_161,f5_232,0,
f5_161,f5_238,0,
f5_161,f5_308,0,
f5_161,f5_274,0,
f5_161,f5_243,0,
f5_161,f5_256,0,
f5_142,slack,0,
f5_142,primary,0,
f5_142,secondary,0,
f5_142,f5_22,0,
f5_142,f5_75,0,
f5_142,f5_83,0,
f5_142,f5_117,0,
f5_142,f5_87,0,
f5_142,f5_132,1,
f5_142,f5_92,0,
f5_142,f5_140,0,
f5_142,f5_98,0,
f5_142,f5_130,0,
f5_142,f5_105,0,
f5_142,f5_148,0,
f5_142,f5_111,0,
f5_142,f5_166,0,
f5_142,f5_133,0,
f5_142,f5_124,0,
f5_142,f5_125,0,
f5_142,f5_149,0,
f5_142,f5_139,0,
f5_142,f5_161,0,
f5_142,f5_142,1,
f5_142,f5_153,0,
f5_142,f5_188,0,
f5_142,f5_160,0,
f5_142,f5_151,0,
f5_142,f5_167,0,
f5_142,f5_159,0,
f5_142,f5_174,0,
f5_142,f5_211,0,
f5_142,f5_178,0,
f5_142,f5_173,0,
f5_142,f5_189,0,
f5_142,f5_227,0,
f5_142,f5_200,0,
f5_142,f5_194,0,
f5_142,f5_201,0,
f5_142,f5_237,0,
f5_142,f5_234,0,
f5_142,f5_268,0,
f5_142,f5_216,0,
f5_142,f5_222,0,
f5_142,f5_232,0,
f5_142,f5_238,0,
f5_142,f5_308,0,
f5_142,f5_274,0,
f5_142,f5_243,0,
f5_142,f5_256,0,
f5_153,slack,0,
f5_153,primary,0,
f5_153,secondary,0,
f5_153,f5_22,0,
f5_153,f5_75,0,
f5_153,f5_83,0,
f5_153,f5_117,0,
f5_153,f5_87,0,
f5_153,f5_132,0,
f5_153,f5_92,0,
f5_153,f5_140,0,
f5_153,f5_98,0,
f5_153,f5_130,0,
f5_153,f5_105,0,
f5_153,f5_148,0,
f5_153,f5_111,0,
f5_153,f5_166,0,
f5_153,f5_133,1,
f5_153,f5_124,0,
f5_153,f5_125,0,
f5_153,f5_149,0,
f5_153,f5_139,0,
f5_153,f5_161,0,
f5_153,f5_142,0,
f5_153,f5_153,1,
f5_153,f5_188,0,
f5_153,f5_160,0,
f5_153,f5_151,0,
f5_153,f5_167,0,
f5_153,f5_159,0,
f5_153,f5_174,1,
f5_153,f5_211,1,
f5_153,f5_178,0,
f5_153,f5_173,0,
f5_153,f5_189,0,
f5_153,f5_227,0,
f5_153,f5_200,0,
f5_153,f5_194,0,
f5_153,f5_201,0,
f5_153,f5_237,0,
f5_153,f5_234,0,
f5_153,f5_268,0,
f5_153,f5_216,0,
f5_153,f5_222,0,
f5_153,f5_232,0,
f5_153,f5_238,0,
f5_153,f5_308,0,
f5_153,f5_274,0,
f5_153,f5_243,0,
f5_153,f5_256,0,
f5_188,slack,0,
f5_188,primary,0,
f5_188,secondary,0,
f5_188,f5_22,0,
f5_188,f5_75,0,
f5_188,f5_83,0,
f5_188,f5_117,0,
f5_188,f5_87,0,
f5_188,f5_132,0,
f5_188,f5_92,0,
f5_188,f5_140,0,
f5_188,f5_98,0,
f5_188,f5_130,0,
f5_188,f5_105,0,
f5_188,f5_148,0,
f5_188,f5_111,0,
f5_188,f5_166,0,
f5_188,f5_133,1,
f5_188,f5_124,0,
f5_188,f5_125,0,
f5_188,f5_149,0,
f5_188,f5_139,0,
f5_188,f5_161,0,
f5_188,f5_142,0,
f5_188,f5_153,0,
f5_188,f5_188,1,
f5_188,f5_160,0,
f5_188,f5_151,0,
f5_188,f5_167,0,
f5_188,f5_159,0,
f5_188,f5_174,0,
f5_188,f5_211,0,
f5_188,f5_178,0,
f5_188,f5_173,0,
f5_188,f5_189,0,
f5_188,f5_227,0,
f5_188,f5_200,1,
f5_188,f5_194,1,
f5_188,f5_201,0,
f5_188,f5_237,0,
f5_188,f5_234,0,
f5_188,f5_268,0,
f5_188,f5_216,0,
f5_188,f5_222,0,
f5_188,f5_232,0,
f5_188,f5_238,0,
f5_188,f5_308,0,
f5_188,f5_274,0,
f5_188,f5_243,0,
f5_188,f5_256,0,
f5_160,slack,0,
f5_160,primary,0,
f5_160,secondary,0,
f5_160,f5_22,0,
f5_160,f5_75,0,
f5_160,f5_83,0,
f5_160,f5_117,0,
f5_160,f5_87,0,
f5_160,f5_132,0,
f5_160,f5_92,0,
f5_160,f5_140,1,
f5_160,f5_98,0,
f5_160,f5_130,0,
f5_160,f5_105,0,
f5_160,f5_148,0,
f5_160,f5_111,0,
f5_160,f5_166,0,
f5_160,f5_133,0,
f5_160,f5_124,0,
f5_160,f5_125,0,
f5_160,f5_149,0,
f5_160,f5_139,0,
f5_160,f5_161,0,
f5_160,f5_142,0,
f5_160,f5_153,0,
f5_160,f5_188,0,
f5_160,f5_160,1,
f5_160,f5_151,0,
f5_160,f5_167,0,
f5_160,f5_159,0,
f5_160,f5_174,0,
f5_160,f5_211,0,
f5_160,f5_178,0,
f5_160,f5_173,0,
f5_160,f5_189,0,
f5_160,f5_227,0,
f5_160,f5_200,0,
f5_160,f5_194,0,
f5_160,f5_201,0,
f5_160,f5_237,0,
f5_160,f5_234,0,
f5_160,f5_268,0,
f5_160,f5_216,0,
f5_160,f5_222,0,
f5_160,f5_232,0,
f5_160,f5_238,0,
f5_160,f5_308,0,
f5_160,f5_274,0,
f5_160,f5_243,0,
f5_160,f5_256,0,
f5_151,slack,0,
f5_151,primary,0,
f5_151,secondary,0,
f5_151,f5_22,0,
f5_151,f5_75,0,
f5_151,f5_83,0,
f5_151,f5_117,0,
f5_151,f5_87,0,
f5_151,f5_132,0,
f5_151,f5_92,0,
f5_151,f5_140,1,
f5_151,f5_98,0,
f5_151,f5_130,0,
f5_151,f5_105,0,
f5_151,f5_148,0,
f5_151,f5_111,0,
f5_151,f5_166,0,
f5_151,f5_133,0,
f5_151,f5_124,0,
f5_151,f5_125,0,
f5_151,f5_149,0,
f5_151,f5_139,0,
f5_151,f5_161,0,
f5_151,f5_142,0,
f5_151,f5_153,0,
f5_151,f5_188,0,
f5_151,f5_160,0,
f5_151,f5_151,1,
f5_151,f5_167,0,
f5_151,f5_159,0,
f5_151,f5_174,0,
f5_151,f5_211,0,
f5_151,f5_178,0,
f5_151,f5_173,0,
f5_151,f5_189,0,
f5_151,f5_227,0,
f5_151,f5_200,0,
f5_151,f5_194,0,
f5_151,f5_201,0,
f5_151,f5_237,0,
f5_151,f5_234,0,
f5_151,f5_268,0,
f5_151,f5_216,0,
f5_151,f5_222,0,
f5_151,f5_232,0,
f5_151,f5_238,0,
f5_151,f5_308,0,
f5_151,f5_274,0,
f5_151,f5_243,0,
f5_151,f5_256,0,
f5_167,slack,0,
f5_167,primary,0,
f5_167,secondary,0,
f5_167,f5_22,0,
f5_167,f5_75,0,
f5_167,f5_83,0,
f5_167,f5_117,0,
f5_167,f5_87,0,
f5_167,f5_132,0,
f5_167,f5_92,0,
f5_167,f5_140,0,
f5_167,f5_98,0,
f5_167,f5_130,0,
f5_167,f5_105,0,
f5_167,f5_148,1,
f5_167,f5_111,0,
f5_167,f5_166,0,
f5_167,f5_133,0,
f5_167,f5_124,0,
f5_167,f5_125,0,
f5_167,f5_149,0,
f5_167,f5_139,0,
f5_167,f5_161,0,
f5_167,f5_142,0,
f5_167,f5_153,0,
f5_167,f5_188,0,
f5_167,f5_160,0,
f5_167,f5_151,0,
f5_167,f5_167,1,
f5_167,f5_159,0,
f5_167,f5_174,0,
f5_167,f5_211,0,
f5_167,f5_178,0,
f5_167,f5_173,0,
f5_167,f5_189,0,
f5_167,f5_227,0,
f5_167,f5_200,0,
f5_167,f5_194,0,
f5_167,f5_201,0,
f5_167,f5_237,0,
f5_167,f5_234,0,
f5_167,f5_268,0,
f5_167,f5_216,0,
f5_167,f5_222,0,
f5_167,f5_232,0,
f5_167,f5_238,0,
f5_167,f5_308,0,
f5_167,f5_274,0,
f5_167,f5_243,0,
f5_167,f5_256,0,
f5_159,slack,0,
f5_159,primary,0,
f5_159,secondary,0,
f5_159,f5_22,0,
f5_159,f5_75,0,
f5_159,f5_83,0,
f5_159,f5_117,0,
f5_159,f5_87,0,
f5_159,f5_132,0,
f5_159,f5_92,0,
f5_159,f5_140,0,
f5_159,f5_98,0,
f5_159,f5_130,0,
f5_159,f5_105,0,
f5_159,f5_148,1,
f5_159,f5_111,0,
f5_159,f5_166,0,
f5_159,f5_133,0,
f5_159,f5_124,0,
f5_159,f5_125,0,
f5_159,f5_149,0,
f5_159,f5_139,0,
f5_159,f5_161,0,
f5_159,f5_142,0,
f5_159,f5_153,0,
f5_159,f5_188,0,
f5_159,f5_160,0,
f5_159,f5_151,0,
f5_159,f5_167,0,
f5_159,f5_159,1,
f5_159,f5_174,0,
f5_159,f5_211,0,
f5_159,f5_178,0,
f5_159,f5_173,0,
f5_159,f5_189,0,
f5_159,f5_227,0,
f5_159,f5_200,0,
f5_159,f5_194,0,
f5_159,f5_201,0,
f5_159,f5_237,0,
f5_159,f5_234,0,
f5_159,f5_268,0,
f5_159,f5_216,0,
f5_159,f5_222,0,
f5_159,f5_232,0,
f5_159,f5_238,0,
f5_159,f5_308,0,
f5_159,f5_274,0,
f5_159,f5_243,0,
f5_159,f5_256,0,
f5_174,slack,0,
f5_174,primary,0,
f5_174,secondary,0,
f5_174,f5_22,0,
f5_174,f5_75,0,
f5_174,f5_83,0,
f5_174,f5_117,0,
f5_174,f5_87,0,
f5_174,f5_132,0,
f5_174,f5_92,0,
f5_174,f5_140,0,
f5_174,f5_98,0,
f5_174,f5_130,0,
f5_174,f5_105,0,
f5_174,f5_148,0,
f5_174,f5_111,0,
f5_174,f5_166,0,
f5_174,f5_133,0,
f5_174,f5_124,0,
f5_174,f5_125,0,
f5_174,f5_149,0,
f5_174,f5_139,0,
f5_174,f5_161,0,
f5_174,f5_142,0,
f5_174,f5_153,1,
f5_174,f5_188,0,
f5_174,f5_160,0,
f5_174,f5_151,0,
f5_174,f5_167,0,
f5_174,f5_159,0,
f5_174,f5_174,1,
f5_174,f5_211,0,
f5_174,f5_178,0,
f5_174,f5_173,0,
f5_174,f5_189,1,
f5_174,f5_227,1,
f5_174,f5_200,0,
f5_174,f5_194,0,
f5_174,f5_201,0,
f5_174,f5_237,0,
f5_174,f5_234,0,
f5_174,f5_268,0,
f5_174,f5_216,0,
f5_174,f5_222,0,
f5_174,f5_232,0,
f5_174,f5_238,0,
f5_174,f5_308,0,
f5_174,f5_274,0,
f5_174,f5_243,0,
f5_174,f5_256,0,
f5_211,slack,0,
f5_211,primary,0,
f5_211,secondary,0,
f5_211,f5_22,0,
f5_211,f5_75,0,
f5_211,f5_83,0,
f5_211,f5_117,0,
f5_211,f5_87,0,
f5_211,f5_132,0,
f5_211,f5_92,0,
f5_211,f5_140,0,
f5_211,f5_98,0,
f5_211,f5_130,0,
f5_211,f5_105,0,
f5_211,f5_148,0,
f5_211,f5_111,0,
f5_211,f5_166,0,
f5_211,f5_133,0,
f5_211,f5_124,0,
f5_211,f5_125,0,
f5_211,f5_149,0,
f5_211,f5_139,0,
f5_211,f5_161,0,
f5_211,f5_142,0,
f5_211,f5_153,1,
f5_211,f5_188,0,
f5_211,f5_160,0,
f5_211,f5_151,0,
f5_211,f5_167,0,
f5_211,f5_159,0,
f5_211,f5_174,0,
f5_211,f5_211,1,
f5_211,f5_178,0,
f5_211,f5_173,0,
f5_211,f5_189,0,
f5_211,f5_227,0,
f5_211,f5_200,0,
f5_211,f5_194,0,
f5_211,f5_201,0,
f5_211,f5_237,0,
f5_211,f5_234,0,
f5_211,f5_268,0,
f5_211,f5_216,1,
f5_211,f5_222,1,
f5_211,f5_232,0,
f5_211,f5_238,0,
f5_211,f5_308,0,
f5_211,f5_274,0,
f5_211,f5_243,0,
f5_211,f5_256,0,
f5_178,slack,0,
f5_178,primary,0,
f5_178,secondary,0,
f5_178,f5_22,0,
f5_178,f5_75,0,
f5_178,f5_83,0,
f5_178,f5_117,0,
f5_178,f5_87,0,
f5_178,f5_132,0,
f5_178,f5_92,0,
f5_178,f5_140,0,
f5_178,f5_98,0,
f5_178,f5_130,0,
f5_178,f5_105,0,
f5_178,f5_148,0,
f5_178,f5_111,0,
f5_178,f5_166,1,
f5_178,f5_133,0,
f5_178,f5_124,0,
f5_178,f5_125,0,
f5_178,f5_149,0,
f5_178,f5_139,0,
f5_178,f5_161,0,
f5_178,f5_142,0,
f5_178,f5_153,0,
f5_178,f5_188,0,
f5_178,f5_160,0,
f5_178,f5_151,0,
f5_178,f5_167,0,
f5_178,f5_159,0,
f5_178,f5_174,0,
f5_178,f5_211,0,
f5_178,f5_178,1,
f5_178,f5_173,0,
f5_178,f5_189,0,
f5_178,f5_227,0,
f5_178,f5_200,0,
f5_178,f5_194,0,
f5_178,f5_201,0,
f5_178,f5_237,0,
f5_178,f5_234,0,
f5_178,f5_268,0,
f5_178,f5_216,0,
f5_178,f5_222,0,
f5_178,f5_232,0,
f5_178,f5_238,0,
f5_178,f5_308,0,
f5_178,f5_274,0,
f5_178,f5_243,0,
f5_178,f5_256,0,
f5_173,slack,0,
f5_173,primary,0,
f5_173,secondary,0,
f5_173,f5_22,0,
f5_173,f5_75,0,
f5_173,f5_83,0,
f5_173,f5_117,0,
f5_173,f5_87,0,
f5_173,f5_132,0,
f5_173,f5_92,0,
f5_173,f5_140,0,
f5_173,f5_98,0,
f5_173,f5_130,0,
f5_173,f5_105,0,
f5_173,f5_148,0,
f5_173,f5_111,0,
f5_173,f5_166,1,
f5_173,f5_133,0,
f5_173,f5_124,0,
f5_173,f5_125,0,
f5_173,f5_149,0,
f5_173,f5_139,0,
f5_173,f5_161,0,
f5_173,f5_142,0,
f5_173,f5_153,0,
f5_173,f5_188,0,
f5_173,f5_160,0,
f5_173,f5_151,0,
f5_173,f5_167,0,
f5_173,f5_159,0,
f5_173,f5_174,0,
f5_173,f5_211,0,
f5_173,f5_178,0,
f5_173,f5_173,1,
f5_173,f5_189,0,
f5_173,f5_227,0,
f5_173,f5_200,0,
f5_173,f5_194,0,
f5_173,f5_201,0,
f5_173,f5_237,0,
f5_173,f5_234,0,
f5_173,f5_268,0,
f5_173,f5_216,0,
f5_173,f5_222,0,
f5_173,f5_232,0,
f5_173,f5_238,0,
f5_173,f5_308,0,
f5_173,f5_274,0,
f5_173,f5_243,0,
f5_173,f5_256,0,
f5_189,slack,0,
f5_189,primary,0,
f5_189,secondary,0,
f5_189,f5_22,0,
f5_189,f5_75,0,
f5_189,f5_83,0,
f5_189,f5_117,0,
f5_189,f5_87,0,
f5_189,f5_132,0,
f5_189,f5_92,0,
f5_189,f5_140,0,
f5_189,f5_98,0,
f5_189,f5_130,0,
f5_189,f5_105,0,
f5_189,f5_148,0,
f5_189,f5_111,0,
f5_189,f5_166,0,
f5_189,f5_133,0,
f5_189,f5_124,0,
f5_189,f5_125,0,
f5_189,f5_149,0,
f5_189,f5_139,0,
f5_189,f5_161,0,
f5_189,f5_142,0,
f5_189,f5_153,0,
f5_189,f5_188,0,
f5_189,f5_160,0,
f5_189,f5_151,0,
f5_189,f5_167,0,
f5_189,f5_159,0,
f5_189,f5_174,1,
f5_189,f5_211,0,
f5_189,f5_178,0,
f5_189,f5_173,0,
f5_189,f5_189,1,
f5_189,f5_227,0,
f5_189,f5_200,0,
f5_189,f5_194,0,
f5_189,f5_201,1,
f5_189,f5_237,1,
f5_189,f5_234,0,
f5_189,f5_268,0,
f5_189,f5_216,0,
f5_189,f5_222,0,
f5_189,f5_232,0,
f5_189,f5_238,0,
f5_189,f5_308,0,
f5_189,f5_274,0,
f5_189,f5_243,0,
f5_189,f5_256,0,
f5_227,slack,0,
f5_227,primary,0,
f5_227,secondary,0,
f5_227,f5_22,0,
f5_227,f5_75,0,
f5_227,f5_83,0,
f5_227,f5_117,0,
f5_227,f5_87,0,
f5_227,f5_132,0,
f5_227,f5_92,0,
f5_227,f5_140,0,
f5_227,f5_98,0,
f5_227,f5_130,0,
f5_227,f5_105,0,
f5_227,f5_148,0,
f5_227,f5_111,0,
f5_227,f5_166,0,
f5_227,f5_133,0,
f5_227,f5_124,0,
f5_227,f5_125,0,
f5_227,f5_149,0,
f5_227,f5_139,0,
f5_227,f5_161,0,
f5_227,f5_142,0,
f5_227,f5_153,0,
f5_227,f5_188,0,
f5_227,f5_160,0,
f5_227,f5_151,0,
f5_227,f5_167,0,
f5_227,f5_159,0,
f5_227,f5_174,1,
f5_227,f5_211,0,
f5_227,f5_178,0,
f5_227,f5_173,0,
f5_227,f5_189,0,
f5_227,f5_227,1,
f5_227,f5_200,0,
f5_227,f5_194,0,
f5_227,f5_201,0,
f5_227,f5_237,0,
f5_227,f5_234,0,
f5_227,f5_268,0,
f5_227,f5_216,0,
f5_227,f5_222,0,
f5_227,f5_232,1,
f5_227,f5_238,1,
f5_227,f5_308,0,
f5_227,f5_274,0,
f5_227,f5_243,0,
f5_227,f5_256,0,
f5_200,slack,0,
f5_200,primary,0,
f5_200,secondary,0,
f5_200,f5_22,0,
f5_200,f5_75,0,
f5_200,f5_83,0,
f5_200,f5_117,0,
f5_200,f5_87,0,
f5_200,f5_132,0,
f5_200,f5_92,0,
f5_200,f5_140,0,
f5_200,f5_98,0,
f5_200,f5_130,0,
f5_200,f5_105,0,
f5_200,f5_148,0,
f5_200,f5_111,0,
f5_200,f5_166,0,
f5_200,f5_133,0,
f5_200,f5_124,0,
f5_200,f5_125,0,
f5_200,f5_149,0,
f5_200,f5_139,0,
f5_200,f5_161,0,
f5_200,f5_142,0,
f5_200,f5_153,0,
f5_200,f5_188,1,
f5_200,f5_160,0,
f5_200,f5_151,0,
f5_200,f5_167,0,
f5_200,f5_159,0,
f5_200,f5_174,0,
f5_200,f5_211,0,
f5_200,f5_178,0,
f5_200,f5_173,0,
f5_200,f5_189,0,
f5_200,f5_227,0,
f5_200,f5_200,1,
f5_200,f5_194,0,
f5_200,f5_201,0,
f5_200,f5_237,0,
f5_200,f5_234,0,
f5_200,f5_268,0,
f5_200,f5_216,0,
f5_200,f5_222,0,
f5_200,f5_232,0,
f5_200,f5_238,0,
f5_200,f5_308,0,
f5_200,f5_274,0,
f5_200,f5_243,0,
f5_200,f5_256,0,
f5_194,slack,0,
f5_194,primary,0,
f5_194,secondary,0,
f5_194,f5_22,0,
f5_194,f5_75,0,
f5_194,f5_83,0,
f5_194,f5_117,0,
f5_194,f5_87,0,
f5_194,f5_132,0,
f5_194,f5_92,0,
f5_194,f5_140,0,
f5_194,f5_98,0,
f5_194,f5_130,0,
f5_194,f5_105,0,
f5_194,f5_148,0,
f5_194,f5_111,0,
f5_194,f5_166,0,
f5_194,f5_133,0,
f5_194,f5_124,0,
f5_194,f5_125,0,
f5_194,f5_149,0,
f5_194,f5_139,0,
f5_194,f5_161,0,
f5_194,f5_142,0,
f5_194,f5_153,0,
f5_194,f5_188,1,
f5_194,f5_160,0,
f5_194,f5_151,0,
f5_194,f5_167,0,
f5_194,f5_159,0,
f5_194,f5_174,0,
f5_194,f5_211,0,
f5_194,f5_178,0,
f5_194,f5_173,0,
f5_194,f5_189,0,
f5_194,f5_227,0,
f5_194,f5_200,0,
f5_194,f5_194,1,
f5_194,f5_201,0,
f5_194,f5_237,0,
f5_194,f5_234,0,
f5_194,f5_268,0,
f5_194,f5_216,0,
f5_194,f5_222,0,
f5_194,f5_232,0,
f5_194,f5_238,0,
f5_194,f5_308,0,
f5_194,f5_274,0,
f5_194,f5_243,0,
f5_194,f5_256,0,
f5_201,slack,0,
f5_201,primary,0,
f5_201,secondary,0,
f5_201,f5_22,0,
f5_201,f5_75,0,
f5_201,f5_83,0,
f5_201,f5_117,0,
f5_201,f5_87,0,
f5_201,f5_132,0,
f5_201,f5_92,0,
f5_201,f5_140,0,
f5_201,f5_98,0,
f5_201,f5_130,0,
f5_201,f5_105,0,
f5_201,f5_148,0,
f5_201,f5_111,0,
f5_201,f5_166,0,
f5_201,f5_133,0,
f5_201,f5_124,0,
f5_201,f5_125,0,
f5_201,f5_149,0,
f5_201,f5_139,0,
f5_201,f5_161,0,
f5_201,f5_142,0,
f5_201,f5_153,0,
f5_201,f5_188,0,
f5_201,f5_160,0,
f5_201,f5_151,0,
f5_201,f5_167,0,
f5_201,f5_159,0,
f5_201,f5_174,0,
f5_201,f5_211,0,
f5_201,f5_178,0,
f5_201,f5_173,0,
f5_201,f5_189,1,
f5_201,f5_227,0,
f5_201,f5_200,0,
f5_201,f5_194,0,
f5_201,f5_201,1,
f5_201,f5_237,0,
f5_201,f5_234,1,
f5_201,f5_268,1,
f5_201,f5_216,0,
f5_201,f5_222,0,
f5_201,f5_232,0,
f5_201,f5_238,0,
f5_201,f5_308,0,
f5_201,f5_274,0,
f5_201,f5_243,0,
f5_201,f5_256,0,
f5_237,slack,0,
f5_237,primary,0,
f5_237,secondary,0,
f5_237,f5_22,0,
f5_237,f5_75,0,
f5_237,f5_83,0,
f5_237,f5_117,0,
f5_237,f5_87,0,
f5_237,f5_132,0,
f5_237,f5_92,0,
f5_237,f5_140,0,
f5_237,f5_98,0,
f5_237,f5_130,0,
f5_237,f5_105,0,
f5_237,f5_148,0,
f5_237,f5_111,0,
f5_237,f5_166,0,
f5_237,f5_133,0,
f5_237,f5_124,0,
f5_237,f5_125,0,
f5_237,f5_149,0,
f5_237,f5_139,0,
f5_237,f5_161,0,
f5_237,f5_142,0,
f5_237,f5_153,0,
f5_237,f5_188,0,
f5_237,f5_160,0,
f5_237,f5_151,0,
f5_237,f5_167,0,
f5_237,f5_159,0,
f5_237,f5_174,0,
f5_237,f5_211,0,
f5_237,f5_178,0,
f5_237,f5_173,0,
f5_237,f5_189,1,
f5_237,f5_227,0,
f5_237,f5_200,0,
f5_237,f5_194,0,
f5_237,f5_201,0,
f5_237,f5_237,1,
f5_237,f5_234,0,
f5_237,f5_268,0,
f5_237,f5_216,0,
f5_237,f5_222,0,
f5_237,f5_232,0,
f5_237,f5_238,0,
f5_237,f5_308,0,
f5_237,f5_274,0,
f5_237,f5_243,1,
f5_237,f5_256,1,
f5_234,slack,0,
f5_234,primary,0,
f5_234,secondary,0,
f5_234,f5_22,0,
f5_234,f5_75,0,
f5_234,f5_83,0,
f5_234,f5_117,0,
f5_234,f5_87,0,
f5_234,f5_132,0,
f5_234,f5_92,0,
f5_234,f5_140,0,
f5_234,f5_98,0,
f5_234,f5_130,0,
f5_234,f5_105,0,
f5_234,f5_148,0,
f5_234,f5_111,0,
f5_234,f5_166,0,
f5_234,f5_133,0,
f5_234,f5_124,0,
f5_234,f5_125,0,
f5_234,f5_149,0,
f5_234,f5_139,0,
f5_234,f5_161,0,
f5_234,f5_142,0,
f5_234,f5_153,0,
f5_234,f5_188,0,
f5_234,f5_160,0,
f5_234,f5_151,0,
f5_234,f5_167,0,
f5_234,f5_159,0,
f5_234,f5_174,0,
f5_234,f5_211,0,
f5_234,f5_178,0,
f5_234,f5_173,0,
f5_234,f5_189,0,
f5_234,f5_227,0,
f5_234,f5_200,0,
f5_234,f5_194,0,
f5_234,f5_201,1,
f5_234,f5_237,0,
f5_234,f5_234,1,
f5_234,f5_268,0,
f5_234,f5_216,0,
f5_234,f5_222,0,
f5_234,f5_232,0,
f5_234,f5_238,0,
f5_234,f5_308,1,
f5_234,f5_274,1,
f5_234,f5_243,0,
f5_234,f5_256,0,
f5_268,slack,0,
f5_268,primary,0,
f5_268,secondary,0,
f5_268,f5_22,0,
f5_268,f5_75,0,
f5_268,f5_83,0,
f5_268,f5_117,0,
f5_268,f5_87,0,
f5_268,f5_132,0,
f5_268,f5_92,0,
f5_268,f5_140,0,
f5_268,f5_98,0,
f5_268,f5_130,0,
f5_268,f5_105,0,
f5_268,f5_148,0,
f5_268,f5_111,0,
f5_268,f5_166,0,
f5_268,f5_133,0,
f5_268,f5_124,0,
f5_268,f5_125,0,
f5_268,f5_149,0,
f5_268,f5_139,0,
f5_268,f5_161,0,
f5_268,f5_142,0,
f5_268,f5_153,0,
f5_268,f5_188,0,
f5_268,f5_160,0,
f5_268,f5_151,0,
f5_268,f5_167,0,
f5_268,f5_159,0,
f5_268,f5_174,0,
f5_268,f5_211,0,
f5_268,f5_178,0,
f5_268,f5_173,0,
f5_268,f5_189,0,
f5_268,f5_227,0,
f5_268,f5_200,0,
f5_268,f5_194,0,
f5_268,f5_201,1,
f5_268,f5_237,0,
f5_268,f5_234,0,
f5_268,f5_268,1,
f5_268,f5_216,0,
f5_268,f5_222,0,
f5_268,f5_232,0,
f5_268,f5_238,0,
f5_268,f5_308,0,
f5_268,f5_274,0,
f5_268,f5_243,0,
f5_268,f5_256,0,
f5_216,slack,0,
f5_216,primary,0,
f5_216,secondary,0,
f5_216,f5_22,0,
f5_216,f5_75,0,
f5_216,f5_83,0,
f5_216,f5_117,0,
f5_216,f5_87,0,
f5_216,f5_132,0,
f5_216,f5_92,0,
f5_216,f5_140,0,
f5_216,f5_98,0,
f5_216,f5_130,0,
f5_216,f5_105,0,
f5_216,f5_148,0,
f5_216,f5_111,0,
f5_216,f5_166,0,
f5_216,f5_133,0,
f5_216,f5_124,0,
f5_216,f5_125,0,
f5_216,f5_149,0,
f5_216,f5_139,0,
f5_216,f5_161,0,
f5_216,f5_142,0,
f5_216,f5_153,0,
f5_216,f5_188,0,
f5_216,f5_160,0,
f5_216,f5_151,0,
f5_216,f5_167,0,
f5_216,f5_159,0,
f5_216,f5_174,0,
f5_216,f5_211,1,
f5_216,f5_178,0,
f5_216,f5_173,0,
f5_216,f5_189,0,
f5_216,f5_227,0,
f5_216,f5_200,0,
f5_216,f5_194,0,
f5_216,f5_201,0,
f5_216,f5_237,0,
f5_216,f5_234,0,
f5_216,f5_268,0,
f5_216,f5_216,1,
f5_216,f5_222,0,
f5_216,f5_232,0,
f5_216,f5_238,0,
f5_216,f5_308,0,
f5_216,f5_274,0,
f5_216,f5_243,0,
f5_216,f5_256,0,
f5_222,slack,0,
f5_222,primary,0,
f5_222,secondary,0,
f5_222,f5_22,0,
f5_222,f5_75,0,
f5_222,f5_83,0,
f5_222,f5_117,0,
f5_222,f5_87,0,
f5_222,f5_132,0,
f5_222,f5_92,0,
f5_222,f5_140,0,
f5_222,f5_98,0,
f5_222,f5_130,0,
f5_222,f5_105,0,
f5_222,f5_148,0,
f5_222,f5_111,0,
f5_222,f5_166,0,
f5_222,f5_133,0,
f5_222,f5_124,0,
f5_222,f5_125,0,
f5_222,f5_149,0,
f5_222,f5_139,0,
f5_222,f5_161,0,
f5_222,f5_142,0,
f5_222,f5_153,0,
f5_222,f5_188,0,
f5_222,f5_160,0,
f5_222,f5_151,0,
f5_222,f5_167,0,
f5_222,f5_159,0,
f5_222,f5_174,0,
f5_222,f5_211,1,
f5_222,f5_178,0,
f5_222,f5_173,0,
f5_222,f5_189,0,
f5_222,f5_227,0,
f5_222,f5_200,0,
f5_222,f5_194,0,
f5_222,f5_201,0,
f5_222,f5_237,0,
f5_222,f5_234,0,
f5_222,f5_268,0,
f5_222,f5_216,0,
f5_222,f5_222,1,
f5_222,f5_232,0,
f5_222,f5_238,0,
f5_222,f5_308,0,
f5_222,f5_274,0,
f5_222,f5_243,0,
f5_222,f5_256,0,
f5_232,slack,0,
f5_232,primary,0,
f5_232,secondary,0,
f5_232,f5_22,0,
f5_232,f5_75,0,
f5_232,f5_83,0,
f5_232,f5_117,0,
f5_232,f5_87,0,
f5_232,f5_132,0,
f5_232,f5_92,0,
f5_232,f5_140,0,
f5_232,f5_98,0,
f5_232,f5_130,0,
f5_232,f5_105,0,
f5_232,f5_148,0,
f5_232,f5_111,0,
f5_232,f5_166,0,
f5_232,f5_133,0,
f5_232,f5_124,0,
f5_232,f5_125,0,
f5_232,f5_149,0,
f5_232,f5_139,0,
f5_232,f5_161,0,
f5_232,f5_142,0,
f5_232,f5_153,0,
f5_232,f5_188,0,
f5_232,f5_160,0,
f5_232,f5_151,0,
f5_232,f5_167,0,
f5_232,f5_159,0,
f5_232,f5_174,0,
f5_232,f5_211,0,
f5_232,f5_178,0,
f5_232,f5_173,0,
f5_232,f5_189,0,
f5_232,f5_227,1,
f5_232,f5_200,0,
f5_232,f5_194,0,
f5_232,f5_201,0,
f5_232,f5_237,0,
f5_232,f5_234,0,
f5_232,f5_268,0,
f5_232,f5_216,0,
f5_232,f5_222,0,
f5_232,f5_232,1,
f5_232,f5_238,0,
f5_232,f5_308,0,
f5_232,f5_274,0,
f5_232,f5_243,0,
f5_232,f5_256,0,
f5_238,slack,0,
f5_238,primary,0,
f5_238,secondary,0,
f5_238,f5_22,0,
f5_238,f5_75,0,
f5_238,f5_83,0,
f5_238,f5_117,0,
f5_238,f5_87,0,
f5_238,f5_132,0,
f5_238,f5_92,0,
f5_238,f5_140,0,
f5_238,f5_98,0,
f5_238,f5_130,0,
f5_238,f5_105,0,
f5_238,f5_148,0,
f5_238,f5_111,0,
f5_238,f5_166,0,
f5_238,f5_133,0,
f5_238,f5_124,0,
f5_238,f5_125,0,
f5_238,f5_149,0,
f5_238,f5_139,0,
f5_238,f5_161,0,
f5_238,f5_142,0,
f5_238,f5_153,0,
f5_238,f5_188,0,
f5_238,f5_160,0,
f5_238,f5_151,0,
f5_238,f5_167,0,
f5_238,f5_159,0,
f5_238,f5_174,0,
f5_238,f5_211,0,
f5_238,f5_178,0,
f5_238,f5_173,0,
f5_238,f5_189,0,
f5_238,f5_227,1,
f5_238,f5_200,0,
f5_238,f5_194,0,
f5_238,f5_201,0,
f5_238,f5_237,0,
f5_238,f5_234,0,
f5_238,f5_268,0,
f5_238,f5_216,0,
f5_238,f5_222,0,
f5_238,f5_232,0,
f5_238,f5_238,1,
f5_238,f5_308,0,
f5_238,f5_274,0,
f5_238,f5_243,0,
f5_238,f5_256,0,
f5_308,slack,0,
f5_308,primary,0,
f5_308,secondary,0,
f5_308,f5_22,0,
f5_308,f5_75,0,
f5_308,f5_83,0,
f5_308,f5_117,0,
f5_308,f5_87,0,
f5_308,f5_132,0,
f5_308,f5_92,0,
f5_308,f5_140,0,
f5_308,f5_98,0,
f5_308,f5_130,0,
f5_308,f5_105,0,
f5_308,f5_148,0,
f5_308,f5_111,0,
f5_308,f5_166,0,
f5_308,f5_133,0,
f5_308,f5_124,0,
f5_308,f5_125,0,
f5_308,f5_149,0,
f5_308,f5_139,0,
f5_308,f5_161,0,
f5_308,f5_142,0,
f5_308,f5_153,0,
f5_308,f5_188,0,
f5_308,f5_160,0,
f5_308,f5_151,0,
f5_308,f5_167,0,
f5_308,f5_159,0,
f5_308,f5_174,0,
f5_308,f5_211,0,
f5_308,f5_178,0,
f5_308,f5_173,0,
f5_308,f5_189,0,
f5_308,f5_227,0,
f5_308,f5_200,0,
f5_308,f5_194,0,
f5_308,f5_201,0,
f5_308,f5_237,0,
f5_308,f5_234,1,
f5_308,f5_268,0,
f5_308,f5_216,0,
f5_308,f5_222,0,
f5_308,f5_232,0,
f5_308,f5_238,0,
f5_308,f5_308,1,
f5_308,f5_274,0,
f5_308,f5_243,0,
f5_308,f5_256,0,
f5_274,slack,0,
f5_274,primary,0,
f5_274,secondary,0,
f5_274,f5_22,0,
f5_274,f5_75,0,
f5_274,f5_83,0,
f5_274,f5_117,0,
f5_274,f5_87,0,
f5_274,f5_132,0,
f5_274,f5_92,0,
f5_274,f5_140,0,
f5_274,f5_98,0,
f5_274,f5_130,0,
f5_274,f5_105,0,
f5_274,f5_148,0,
f5_274,f5_111,0,
f5_274,f5_166,0,
f5_274,f5_133,0,
f5_274,f5_124,0,
f5_274,f5_125,0,
f5_274,f5_149,0,
f5_274,f5_139,0,
f5_274,f5_161,0,
f5_274,f5_142,0,
f5_274,f5_153,0,
f5_274,f5_188,0,
f5_274,f5_160,0,
f5_274,f5_151,0,
f5_274,f5_167,0,
f5_274,f5_159,0,
f5_274,f5_174,0,
f5_274,f5_211,0,
f5_274,f5_178,0,
f5_274,f5_173,0,
f5_274,f5_189,0,
f5_274,f5_227,0,
f5_274,f5_200,0,
f5_274,f5_194,0,
f5_274,f5_201,0,
f5_274,f5_237,0,
f5_274,f5_234,1,
f5_274,f5_268,0,
f5_274,f5_216,0,
f5_274,f5_222,0,
f5_274,f5_232,0,
f5_274,f5_238,0,
f5_274,f5_308,0,
f5_274,f5_274,1,
f5_274,f5_243,0,
f5_274,f5_256,0,
f5_243,slack,0,
f5_243,primary,0,
f5_243,secondary,0,
f5_243,f5_22,0,
f5_243,f5_75,0,
f5_243,f5_83,0,
f5_243,f5_117,0,
f5_243,f5_87,0,
f5_243,f5_132,0,
f5_243,f5_92,0,
f5_243,f5_140,0,
f5_243,f5_98,0,
f5_243,f5_130,0,
f5_243,f5_105,0,
f5_243,f5_148,0,
f5_243,f5_111,0,
f5_243,f5_166,0,
f5_243,f5_133,0,
f5_243,f5_124,0,
f5_243,f5_125,0,
f5_243,f5_149,0,
f5_243,f5_139,0,
f5_243,f5_161,0,
f5_243,f5_142,0,
f5_243,f5_153,0,
f5_243,f5_188,0,
f5_243,f5_160,0,
f5_243,f5_151,0,
f5_243,f5_167,0,
f5_243,f5_159,0,
f5_243,f5_174,0,
f5_243,f5_211,0,
f5_243,f5_178,0,
f5_243,f5_173,0,
f5_243,f5_189,0,
f5_243,f5_227,0,
f5_243,f5_200,0,
f5_243,f5_194,0,
f5_243,f5_201,0,
f5_243,f5_237,1,
f5_243,f5_234,0,
f5_243,f5_268,0,
f5_243,f5_216,0,
f5_243,f5_222,0,
f5_243,f5_232,0,
f5_243,f5_238,0,
f5_243,f5_308,0,
f5_243,f5_274,0,
f5_243,f5_243,1,
f5_243,f5_256,0,
f5_256,slack,0,
f5_256,primary,0,
f5_256,secondary,0,
f5_256,f5_22,0,
f5_256,f5_75,0,
f5_256,f5_83,0,
f5_256,f5_117,0,
f5_256,f5_87,0,
f5_256,f5_132,0,
f5_256,f5_92,0,
f5_256,f5_140,0,
f5_256,f5_98,0,
f5_256,f5_130,0,
f5_256,f5_105,0,
f5_256,f5_148,0,
f5_256,f5_111,0,
f5_256,f5_166,0,
f5_256,f5_133,0,
f5_256,f5_124,0,
f5_256,f5_125,0,
f5_256,f5_149,0,
f5_256,f5_139,0,
f5_256,f5_161,0,
f5_256,f5_142,0,
f5_256,f5_153,0,
f5_256,f5_188,0,
f5_256,f5_160,0,
f5_256,f5_151,0,
f5_256,f5_167,0,
f5_256,f5_159,0,
f5_256,f5_174,0,
f5_256,f5_211,0,
f5_256,f5_178,0,
f5_256,f5_173,0,
f5_256,f5_189,0,
f5_256,f5_227,0,
f5_256,f5_200,0,
f5_256,f5_194,0,
f5_256,f5_201,0,
f5_256,f5_237,1,
f5_256,f5_234,0,
f5_256,f5_268,0,
f5_256,f5_216,0,
f5_256,f5_222,0,
f5_256,f5_232,0,
f5_256,f5_238,0,
f5_256,f5_308,0,
f5_256,f5_274,0,
f5_256,f5_243,0,
f5_256,f5_256,1,
