Loads,time,V_local,
LOAD1,10,247.5112,
LOAD1,20,247.8231,
LOAD1,30,247.8763,
LOAD1,40,248.0989,
LOAD1,50,248.2297,
LOAD1,60,248.2392,
LOAD1,70,248.1689,
LOAD1,80,248.1077,
LOAD1,90,248.1092,
LOAD1,100,248.0613,
LOAD1,110,248.061,
LOAD1,120,248.1009,
LOAD1,130,248.0377,
LOAD1,140,248.0091,
LOAD1,150,248.1048,
LOAD1,160,248.0543,
LOAD1,170,247.9903,
LOAD1,180,247.9703,
LOAD1,190,248.01,
LOAD1,200,247.9463,
LOAD1,210,248.0952,
LOAD1,220,248.0751,
LOAD1,230,248.0965,
LOAD1,240,247.3858,
LOAD1,250,248.0094,
LOAD1,260,247.9939,
LOAD1,270,248.0776,
LOAD1,280,248.2756,
LOAD1,290,248.107,
LOAD1,300,248.1826,
LOAD1,310,248.1387,
LOAD1,320,248.1188,
LOAD1,330,248.0662,
LOAD1,340,248.1546,
LOAD1,350,248.3165,
LOAD1,360,248.3524,
LOAD1,370,248.4869,
LOAD1,380,248.4699,
LOAD1,390,248.4935,
LOAD1,400,247.5623,
LOAD1,410,247.6679,
LOAD1,420,248.2643,
LOAD1,430,249.3278,
LOAD1,440,249.2296,
LOAD1,450,249.1155,
LOAD1,460,249.0429,
LOAD1,470,249.1115,
LOAD1,480,248.9055,
LOAD1,490,249.1061,
LOAD1,500,248.9619,
LOAD1,510,249.1304,
LOAD1,520,248.7875,
LOAD1,530,248.7748,
LOAD1,540,248.0809,
LOAD1,550,248.1363,
LOAD1,560,249.0907,
LOAD1,570,248.0346,
LOAD1,580,247.1302,
LOAD1,590,248.1646,
LOAD1,600,249.0592,
LOAD1,610,249.1725,
LOAD1,620,249.5686,
LOAD1,630,249.1158,
LOAD1,640,249.2049,
LOAD1,650,249.6622,
LOAD1,660,249.8407,
LOAD1,670,249.7882,
LOAD1,680,249.9989,
LOAD1,690,249.6552,
LOAD1,700,249.749,
LOAD1,710,250.0189,
LOAD1,720,250.1171,
LOAD1,730,250.2306,
LOAD1,740,249.4511,
LOAD1,750,249.9106,
LOAD1,760,250.3229,
LOAD1,770,250.7815,
LOAD1,780,250.1452,
LOAD1,790,250.3019,
LOAD1,800,250.5162,
LOAD1,810,250.2558,
LOAD1,820,250.2428,
LOAD1,830,250.2183,
LOAD1,840,250.0907,
LOAD1,850,250.0262,
LOAD1,860,249.9778,
LOAD1,870,250.3009,
LOAD1,880,249.7216,
LOAD1,890,248.8362,
LOAD1,900,249.6798,
LOAD1,910,250.1585,
LOAD1,920,250.2635,
LOAD1,930,249.3277,
LOAD1,940,249.3539,
LOAD1,950,249.4198,
LOAD1,960,249.2908,
LOAD1,970,249.5278,
LOAD1,980,249.4467,
LOAD1,990,249.0403,
LOAD1,1000,248.3207,
LOAD1,1010,249.2084,
LOAD1,1020,249.262,
LOAD1,1030,248.8171,
LOAD1,1040,247.5458,
LOAD1,1050,248.3055,
LOAD1,1060,248.1307,
LOAD1,1070,247.5508,
LOAD1,1080,246.7313,
LOAD1,1090,247.5342,
LOAD1,1100,247.5748,
LOAD1,1110,247.1069,
LOAD1,1120,245.6997,
LOAD1,1130,246.7814,
LOAD1,1140,247.4019,
LOAD1,1150,247.3911,
LOAD1,1160,247.7243,
LOAD1,1170,247.4072,
LOAD1,1180,248.0817,
LOAD1,1190,247.1371,
LOAD1,1200,246.7623,
LOAD1,1210,248.0059,
LOAD1,1220,248.0456,
LOAD1,1230,247.8675,
LOAD1,1240,247.6467,
LOAD1,1250,247.7218,
LOAD1,1260,247.5764,
LOAD1,1270,247.1793,
LOAD1,1280,246.7616,
LOAD1,1290,246.9662,
LOAD1,1300,247.4549,
LOAD1,1310,247.6758,
LOAD1,1320,247.3527,
LOAD1,1330,247.7437,
LOAD1,1340,247.0948,
LOAD1,1350,247.665,
LOAD1,1360,247.8501,
LOAD1,1370,247.2157,
LOAD1,1380,247.3645,
LOAD1,1390,247.3496,
LOAD1,1400,247.2668,
LOAD1,1410,247.8824,
LOAD1,1420,248.0564,
LOAD1,1430,247.9715,
LOAD1,1440,247.9639,
LOAD2,10,247.599,
LOAD2,20,247.856,
LOAD2,30,247.8995,
LOAD2,40,248.1028,
LOAD2,50,248.2288,
LOAD2,60,248.2383,
LOAD2,70,248.1679,
LOAD2,80,248.1067,
LOAD2,90,248.1097,
LOAD2,100,248.0617,
LOAD2,110,248.0593,
LOAD2,120,248.0991,
LOAD2,130,248.036,
LOAD2,140,248.0074,
LOAD2,150,248.1053,
LOAD2,160,248.0595,
LOAD2,170,247.9924,
LOAD2,180,247.9725,
LOAD2,190,248.0121,
LOAD2,200,247.9484,
LOAD2,210,248.0926,
LOAD2,220,248.0725,
LOAD2,230,248.0956,
LOAD2,240,247.3849,
LOAD2,250,248.0099,
LOAD2,260,247.9922,
LOAD2,270,248.0758,
LOAD2,280,248.2739,
LOAD2,290,248.1053,
LOAD2,300,248.183,
LOAD2,310,248.139,
LOAD2,320,248.1235,
LOAD2,330,248.069,
LOAD2,340,248.157,
LOAD2,350,248.3179,
LOAD2,360,248.3526,
LOAD2,370,248.4812,
LOAD2,380,248.4647,
LOAD2,390,248.4892,
LOAD2,400,247.5582,
LOAD2,410,247.6695,
LOAD2,420,248.2676,
LOAD2,430,249.3334,
LOAD2,440,249.2394,
LOAD2,450,249.1183,
LOAD2,460,249.0416,
LOAD2,470,249.1095,
LOAD2,480,248.9052,
LOAD2,490,249.1098,
LOAD2,500,248.9606,
LOAD2,510,249.1203,
LOAD2,520,248.7468,
LOAD2,530,248.732,
LOAD2,540,248.0969,
LOAD2,550,248.1518,
LOAD2,560,249.0521,
LOAD2,570,248.003,
LOAD2,580,247.1058,
LOAD2,590,248.1055,
LOAD2,600,249.0294,
LOAD2,610,249.1224,
LOAD2,620,249.5137,
LOAD2,630,249.0625,
LOAD2,640,249.1561,
LOAD2,650,249.631,
LOAD2,660,249.8101,
LOAD2,670,249.7282,
LOAD2,680,249.9372,
LOAD2,690,249.639,
LOAD2,700,249.7318,
LOAD2,710,249.9714,
LOAD2,720,250.0732,
LOAD2,730,250.169,
LOAD2,740,249.4505,
LOAD2,750,249.9085,
LOAD2,760,250.2685,
LOAD2,770,250.7432,
LOAD2,780,250.1056,
LOAD2,790,250.2663,
LOAD2,800,250.4534,
LOAD2,810,250.1936,
LOAD2,820,250.1783,
LOAD2,830,250.1521,
LOAD2,840,250.0192,
LOAD2,850,249.9591,
LOAD2,860,249.9156,
LOAD2,870,250.2427,
LOAD2,880,249.7203,
LOAD2,890,248.8335,
LOAD2,900,249.6458,
LOAD2,910,250.1241,
LOAD2,920,250.2274,
LOAD2,930,249.3446,
LOAD2,940,249.3702,
LOAD2,950,249.4443,
LOAD2,960,249.3179,
LOAD2,970,249.557,
LOAD2,980,249.4722,
LOAD2,990,249.063,
LOAD2,1000,248.3441,
LOAD2,1010,249.2359,
LOAD2,1020,249.2905,
LOAD2,1030,248.8572,
LOAD2,1040,247.6078,
LOAD2,1050,248.3195,
LOAD2,1060,248.1535,
LOAD2,1070,247.5421,
LOAD2,1080,246.7555,
LOAD2,1090,247.5596,
LOAD2,1100,247.6567,
LOAD2,1110,247.2426,
LOAD2,1120,245.7825,
LOAD2,1130,246.7829,
LOAD2,1140,247.4041,
LOAD2,1150,247.3899,
LOAD2,1160,247.802,
LOAD2,1170,247.4419,
LOAD2,1180,248.1183,
LOAD2,1190,247.1696,
LOAD2,1200,246.792,
LOAD2,1210,247.986,
LOAD2,1220,248.0278,
LOAD2,1230,247.8654,
LOAD2,1240,247.6455,
LOAD2,1250,247.7214,
LOAD2,1260,247.5831,
LOAD2,1270,247.1859,
LOAD2,1280,246.7687,
LOAD2,1290,246.972,
LOAD2,1300,247.4656,
LOAD2,1310,247.6846,
LOAD2,1320,247.3691,
LOAD2,1330,247.7561,
LOAD2,1340,247.1059,
LOAD2,1350,247.6843,
LOAD2,1360,247.8506,
LOAD2,1370,247.2161,
LOAD2,1380,247.3649,
LOAD2,1390,247.3501,
LOAD2,1400,247.2673,
LOAD2,1410,247.8807,
LOAD2,1420,248.0595,
LOAD2,1430,247.9732,
LOAD2,1440,247.9657,
LOAD3,10,247.7827,
LOAD3,20,247.8948,
LOAD3,30,247.9207,
LOAD3,40,248.1073,
LOAD3,50,248.2469,
LOAD3,60,248.2695,
LOAD3,70,248.1686,
LOAD3,80,248.0806,
LOAD3,90,248.0596,
LOAD3,100,248,
LOAD3,110,248.0313,
LOAD3,120,248.0918,
LOAD3,130,248.0019,
LOAD3,140,247.9603,
LOAD3,150,248.0636,
LOAD3,160,248.0344,
LOAD3,170,247.9713,
LOAD3,180,247.9403,
LOAD3,190,247.9902,
LOAD3,200,247.9069,
LOAD3,210,248.077,
LOAD3,220,248.0566,
LOAD3,230,248.0635,
LOAD3,240,247.0177,
LOAD3,250,247.9162,
LOAD3,260,247.9196,
LOAD3,270,248.043,
LOAD3,280,248.3023,
LOAD3,290,248.0972,
LOAD3,300,248.1719,
LOAD3,310,248.1151,
LOAD3,320,248.1194,
LOAD3,330,248.0504,
LOAD3,340,248.1533,
LOAD3,350,248.377,
LOAD3,360,248.4206,
LOAD3,370,248.5697,
LOAD3,380,248.5311,
LOAD3,390,248.5818,
LOAD3,400,247.1721,
LOAD3,410,247.3824,
LOAD3,420,248.2409,
LOAD3,430,249.8178,
LOAD3,440,249.6257,
LOAD3,450,249.4308,
LOAD3,460,249.3318,
LOAD3,470,249.4616,
LOAD3,480,249.1864,
LOAD3,490,249.5494,
LOAD3,500,249.364,
LOAD3,510,249.5576,
LOAD3,520,249.2567,
LOAD3,530,249.2158,
LOAD3,540,248.7467,
LOAD3,550,248.7775,
LOAD3,560,249.71,
LOAD3,570,247.9987,
LOAD3,580,247.2576,
LOAD3,590,248.5998,
LOAD3,600,249.5788,
LOAD3,610,249.5019,
LOAD3,620,250.0515,
LOAD3,630,249.4246,
LOAD3,640,249.5423,
LOAD3,650,249.8774,
LOAD3,660,250.1369,
LOAD3,670,250.3194,
LOAD3,680,250.6169,
LOAD3,690,250.4679,
LOAD3,700,250.5971,
LOAD3,710,250.8532,
LOAD3,720,251.001,
LOAD3,730,250.9169,
LOAD3,740,250.1531,
LOAD3,750,250.9237,
LOAD3,760,251.1114,
LOAD3,770,251.5046,
LOAD3,780,250.5789,
LOAD3,790,250.8167,
LOAD3,800,251.4328,
LOAD3,810,251.0501,
LOAD3,820,251.0044,
LOAD3,830,251.0031,
LOAD3,840,250.8313,
LOAD3,850,250.8203,
LOAD3,860,250.7082,
LOAD3,870,251.1578,
LOAD3,880,250.6962,
LOAD3,890,249.4306,
LOAD3,900,250.0304,
LOAD3,910,250.7021,
LOAD3,920,250.8847,
LOAD3,930,249.8274,
LOAD3,940,249.7748,
LOAD3,950,250.0225,
LOAD3,960,249.8426,
LOAD3,970,250.1658,
LOAD3,980,250.0557,
LOAD3,990,249.3573,
LOAD3,1000,248.239,
LOAD3,1010,249.5471,
LOAD3,1020,249.7306,
LOAD3,1030,249.2262,
LOAD3,1040,247.5251,
LOAD3,1050,248.2851,
LOAD3,1060,248.092,
LOAD3,1070,247.0971,
LOAD3,1080,246.4599,
LOAD3,1090,247.6554,
LOAD3,1100,248.2564,
LOAD3,1110,247.9057,
LOAD3,1120,245.5725,
LOAD3,1130,246.7318,
LOAD3,1140,247.6773,
LOAD3,1150,247.6031,
LOAD3,1160,248.1532,
LOAD3,1170,247.3985,
LOAD3,1180,248.384,
LOAD3,1190,246.8675,
LOAD3,1200,246.3384,
LOAD3,1210,247.9306,
LOAD3,1220,247.9777,
LOAD3,1230,247.5941,
LOAD3,1240,247.3192,
LOAD3,1250,247.4595,
LOAD3,1260,247.3381,
LOAD3,1270,246.8258,
LOAD3,1280,246.1422,
LOAD3,1290,246.5737,
LOAD3,1300,247.2437,
LOAD3,1310,247.5477,
LOAD3,1320,247.1069,
LOAD3,1330,247.653,
LOAD3,1340,246.6764,
LOAD3,1350,247.4923,
LOAD3,1360,247.6461,
LOAD3,1370,246.7162,
LOAD3,1380,246.9313,
LOAD3,1390,246.9128,
LOAD3,1400,246.7954,
LOAD3,1410,247.7377,
LOAD3,1420,247.9989,
LOAD3,1430,247.9348,
LOAD3,1440,247.8996,
LOAD4,10,247.8805,
LOAD4,20,247.6091,
LOAD4,30,247.5478,
LOAD4,40,247.5262,
LOAD4,50,247.6838,
LOAD4,60,247.6651,
LOAD4,70,248.073,
LOAD4,80,248.0687,
LOAD4,90,248.1161,
LOAD4,100,248.0532,
LOAD4,110,248.0942,
LOAD4,120,248.0087,
LOAD4,130,247.9893,
LOAD4,140,248.0359,
LOAD4,150,248.0666,
LOAD4,160,248.0701,
LOAD4,170,248.0187,
LOAD4,180,248.0775,
LOAD4,190,248.1112,
LOAD4,200,248.0579,
LOAD4,210,248.1122,
LOAD4,220,248.0225,
LOAD4,230,248.0702,
LOAD4,240,248.3928,
LOAD4,250,248.2598,
LOAD4,260,248.2369,
LOAD4,270,248.158,
LOAD4,280,247.1587,
LOAD4,290,247.9447,
LOAD4,300,247.8888,
LOAD4,310,247.8654,
LOAD4,320,248.0091,
LOAD4,330,248.1996,
LOAD4,340,248.3383,
LOAD4,350,248.3569,
LOAD4,360,248.3435,
LOAD4,370,248.3637,
LOAD4,380,248.4426,
LOAD4,390,248.3841,
LOAD4,400,247.9205,
LOAD4,410,248.0352,
LOAD4,420,248.2126,
LOAD4,430,247.2583,
LOAD4,440,247.1961,
LOAD4,450,249.1025,
LOAD4,460,249.3499,
LOAD4,470,249.3202,
LOAD4,480,249.5358,
LOAD4,490,249.4382,
LOAD4,500,249.5937,
LOAD4,510,249.2795,
LOAD4,520,249.8077,
LOAD4,530,249.9861,
LOAD4,540,249.7707,
LOAD4,550,249.5812,
LOAD4,560,249.1395,
LOAD4,570,249.9595,
LOAD4,580,250.2184,
LOAD4,590,250.261,
LOAD4,600,249.9882,
LOAD4,610,250.0258,
LOAD4,620,249.6211,
LOAD4,630,249.9661,
LOAD4,640,250.1108,
LOAD4,650,250.5884,
LOAD4,660,250.6597,
LOAD4,670,250.7539,
LOAD4,680,250.7077,
LOAD4,690,250.8415,
LOAD4,700,250.7086,
LOAD4,710,250.293,
LOAD4,720,250.0126,
LOAD4,730,249.6985,
LOAD4,740,251.0111,
LOAD4,750,251.1121,
LOAD4,760,250.7935,
LOAD4,770,250.0921,
LOAD4,780,249.4301,
LOAD4,790,248.8237,
LOAD4,800,250.2007,
LOAD4,810,249.8085,
LOAD4,820,250.0417,
LOAD4,830,247.621,
LOAD4,840,249.4549,
LOAD4,850,249.9032,
LOAD4,860,249.8186,
LOAD4,870,250.0677,
LOAD4,880,249.8965,
LOAD4,890,249.9982,
LOAD4,900,249.6852,
LOAD4,910,249.1328,
LOAD4,920,249.5313,
LOAD4,930,249.2657,
LOAD4,940,249.1724,
LOAD4,950,249.4839,
LOAD4,960,249.3512,
LOAD4,970,248.5885,
LOAD4,980,249.2825,
LOAD4,990,249.3009,
LOAD4,1000,249.5426,
LOAD4,1010,248.4472,
LOAD4,1020,248.7876,
LOAD4,1030,250.038,
LOAD4,1040,249.8798,
LOAD4,1050,249.805,
LOAD4,1060,249.5982,
LOAD4,1070,249.5201,
LOAD4,1080,249.8714,
LOAD4,1090,249.3924,
LOAD4,1100,248.8925,
LOAD4,1110,247.5975,
LOAD4,1120,248.5999,
LOAD4,1130,248.5937,
LOAD4,1140,247.5963,
LOAD4,1150,246.7004,
LOAD4,1160,245.6281,
LOAD4,1170,247.3796,
LOAD4,1180,246.9767,
LOAD4,1190,246.7739,
LOAD4,1200,247.7224,
LOAD4,1210,246.7036,
LOAD4,1220,247.2773,
LOAD4,1230,247.1629,
LOAD4,1240,247.4061,
LOAD4,1250,247.3586,
LOAD4,1260,247.5401,
LOAD4,1270,247.0603,
LOAD4,1280,246.7361,
LOAD4,1290,247.1736,
LOAD4,1300,247.2871,
LOAD4,1310,247.1883,
LOAD4,1320,247.2841,
LOAD4,1330,247.326,
LOAD4,1340,247.4229,
LOAD4,1350,247.5603,
LOAD4,1360,247.5091,
LOAD4,1370,247.8118,
LOAD4,1380,247.5901,
LOAD4,1390,248.1058,
LOAD4,1400,248.1626,
LOAD4,1410,248.0265,
LOAD4,1420,247.2814,
LOAD4,1430,248.13,
LOAD4,1440,248.1479,
LOAD5,10,247.7841,
LOAD5,20,247.8913,
LOAD5,30,247.9153,
LOAD5,40,248.1068,
LOAD5,50,248.2464,
LOAD5,60,248.269,
LOAD5,70,248.1681,
LOAD5,80,248.0748,
LOAD5,90,248.0556,
LOAD5,100,247.996,
LOAD5,110,248.0309,
LOAD5,120,248.0913,
LOAD5,130,247.9965,
LOAD5,140,247.9549,
LOAD5,150,248.0582,
LOAD5,160,248.034,
LOAD5,170,247.9727,
LOAD5,180,247.9417,
LOAD5,190,247.9844,
LOAD5,200,247.9011,
LOAD5,210,248.0765,
LOAD5,220,248.0562,
LOAD5,230,248.063,
LOAD5,240,247.0172,
LOAD5,250,247.9128,
LOAD5,260,247.9162,
LOAD5,270,248.0377,
LOAD5,280,248.3018,
LOAD5,290,248.0914,
LOAD5,300,248.1661,
LOAD5,310,248.1093,
LOAD5,320,248.1195,
LOAD5,330,248.0535,
LOAD5,340,248.1575,
LOAD5,350,248.3807,
LOAD5,360,248.4258,
LOAD5,370,248.5765,
LOAD5,380,248.5313,
LOAD5,390,248.5838,
LOAD5,400,247.1761,
LOAD5,410,247.3877,
LOAD5,420,248.2531,
LOAD5,430,249.8363,
LOAD5,440,249.6474,
LOAD5,450,249.4528,
LOAD5,460,249.357,
LOAD5,470,249.4869,
LOAD5,480,249.2134,
LOAD5,490,249.58,
LOAD5,500,249.3826,
LOAD5,510,249.5737,
LOAD5,520,249.2769,
LOAD5,530,249.2352,
LOAD5,540,248.7691,
LOAD5,550,248.8,
LOAD5,560,249.7323,
LOAD5,570,248.067,
LOAD5,580,247.3157,
LOAD5,590,248.638,
LOAD5,600,249.6136,
LOAD5,610,249.56,
LOAD5,620,250.1053,
LOAD5,630,249.485,
LOAD5,640,249.6196,
LOAD5,650,249.9603,
LOAD5,660,250.2145,
LOAD5,670,250.3864,
LOAD5,680,250.6818,
LOAD5,690,250.5286,
LOAD5,700,250.6585,
LOAD5,710,250.8993,
LOAD5,720,251.0442,
LOAD5,730,250.9143,
LOAD5,740,250.1451,
LOAD5,750,250.9707,
LOAD5,760,251.1656,
LOAD5,770,251.5584,
LOAD5,780,250.6331,
LOAD5,790,250.8713,
LOAD5,800,251.4857,
LOAD5,810,251.0988,
LOAD5,820,251.0539,
LOAD5,830,251.0489,
LOAD5,840,250.8835,
LOAD5,850,250.8735,
LOAD5,860,250.7625,
LOAD5,870,251.2113,
LOAD5,880,250.749,
LOAD5,890,249.4902,
LOAD5,900,250.089,
LOAD5,910,250.7569,
LOAD5,920,250.9325,
LOAD5,930,249.8747,
LOAD5,940,249.8449,
LOAD5,950,250.0647,
LOAD5,960,249.8854,
LOAD5,970,250.2077,
LOAD5,980,250.0955,
LOAD5,990,249.4154,
LOAD5,1000,248.3139,
LOAD5,1010,249.598,
LOAD5,1020,249.7558,
LOAD5,1030,249.2609,
LOAD5,1040,247.5784,
LOAD5,1050,248.3429,
LOAD5,1060,248.1453,
LOAD5,1070,247.0982,
LOAD5,1080,246.4829,
LOAD5,1090,247.6775,
LOAD5,1100,248.2678,
LOAD5,1110,247.9061,
LOAD5,1120,245.5141,
LOAD5,1130,246.7372,
LOAD5,1140,247.6813,
LOAD5,1150,247.605,
LOAD5,1160,248.1599,
LOAD5,1170,247.4032,
LOAD5,1180,248.3857,
LOAD5,1190,246.8929,
LOAD5,1200,246.365,
LOAD5,1210,247.9297,
LOAD5,1220,247.9724,
LOAD5,1230,247.5847,
LOAD5,1240,247.3028,
LOAD5,1250,247.446,
LOAD5,1260,247.3229,
LOAD5,1270,246.8192,
LOAD5,1280,246.1589,
LOAD5,1290,246.5692,
LOAD5,1300,247.2387,
LOAD5,1310,247.5392,
LOAD5,1320,247.0958,
LOAD5,1330,247.6416,
LOAD5,1340,246.6566,
LOAD5,1350,247.4585,
LOAD5,1360,247.6163,
LOAD5,1370,246.696,
LOAD5,1380,246.9087,
LOAD5,1390,246.8883,
LOAD5,1400,246.7704,
LOAD5,1410,247.7146,
LOAD5,1420,247.9829,
LOAD5,1430,247.9242,
LOAD5,1440,247.8796,
LOAD6,10,247.0935,
LOAD6,20,248.0062,
LOAD6,30,248.0313,
LOAD6,40,248.1277,
LOAD6,50,248.2816,
LOAD6,60,248.3436,
LOAD6,70,248.2509,
LOAD6,80,248.2822,
LOAD6,90,248.1456,
LOAD6,100,248.1075,
LOAD6,110,248.165,
LOAD6,120,248.0884,
LOAD6,130,248.1827,
LOAD6,140,248.1983,
LOAD6,150,248.2894,
LOAD6,160,248.0792,
LOAD6,170,248.0227,
LOAD6,180,248.034,
LOAD6,190,248.1413,
LOAD6,200,248.2772,
LOAD6,210,248.2839,
LOAD6,220,248.2233,
LOAD6,230,248.0938,
LOAD6,240,248.307,
LOAD6,250,248.0765,
LOAD6,260,248.1366,
LOAD6,270,248.169,
LOAD6,280,248.4086,
LOAD6,290,248.2769,
LOAD6,300,248.2478,
LOAD6,310,248.2067,
LOAD6,320,248.0257,
LOAD6,330,248.159,
LOAD6,340,248.251,
LOAD6,350,248.2294,
LOAD6,360,248.3509,
LOAD6,370,248.372,
LOAD6,380,248.3695,
LOAD6,390,248.4136,
LOAD6,400,248.6944,
LOAD6,410,247.8634,
LOAD6,420,247.8661,
LOAD6,430,247.2381,
LOAD6,440,248.6891,
LOAD6,450,248.2558,
LOAD6,460,248.3182,
LOAD6,470,248.2854,
LOAD6,480,247.6592,
LOAD6,490,247.7384,
LOAD6,500,247.817,
LOAD6,510,248.613,
LOAD6,520,248.5432,
LOAD6,530,248.8103,
LOAD6,540,248.5464,
LOAD6,550,248.5599,
LOAD6,560,248.4483,
LOAD6,570,248.7723,
LOAD6,580,248.6713,
LOAD6,590,248.2265,
LOAD6,600,248.1015,
LOAD6,610,248.636,
LOAD6,620,248.2991,
LOAD6,630,248.7722,
LOAD6,640,248.7395,
LOAD6,650,248.6473,
LOAD6,660,248.5982,
LOAD6,670,248.5945,
LOAD6,680,248.7097,
LOAD6,690,248.3741,
LOAD6,700,248.8987,
LOAD6,710,249.3259,
LOAD6,720,249.4549,
LOAD6,730,249.365,
LOAD6,740,248.9912,
LOAD6,750,248.3492,
LOAD6,760,249.3259,
LOAD6,770,249.4118,
LOAD6,780,249.7508,
LOAD6,790,248.7196,
LOAD6,800,248.2834,
LOAD6,810,249.448,
LOAD6,820,249.0932,
LOAD6,830,249.675,
LOAD6,840,249.463,
LOAD6,850,248.8358,
LOAD6,860,248.9706,
LOAD6,870,248.6241,
LOAD6,880,248.357,
LOAD6,890,248.6264,
LOAD6,900,249.0394,
LOAD6,910,249.0166,
LOAD6,920,248.9668,
LOAD6,930,248.7719,
LOAD6,940,248.6723,
LOAD6,950,248.4436,
LOAD6,960,248.8669,
LOAD6,970,248.4911,
LOAD6,980,247.4204,
LOAD6,990,248.5718,
LOAD6,1000,248.2119,
LOAD6,1010,248.0303,
LOAD6,1020,248.586,
LOAD6,1030,247.2944,
LOAD6,1040,247.322,
LOAD6,1050,247.4794,
LOAD6,1060,247.7002,
LOAD6,1070,248.735,
LOAD6,1080,247.8887,
LOAD6,1090,247.562,
LOAD6,1100,246.6789,
LOAD6,1110,246.6877,
LOAD6,1120,247.8808,
LOAD6,1130,247.2478,
LOAD6,1140,246.849,
LOAD6,1150,247.5367,
LOAD6,1160,247.6777,
LOAD6,1170,246.9771,
LOAD6,1180,247.0382,
LOAD6,1190,248.1216,
LOAD6,1200,247.8209,
LOAD6,1210,248.1999,
LOAD6,1220,246.8629,
LOAD6,1230,247.286,
LOAD6,1240,247.4217,
LOAD6,1250,247.8251,
LOAD6,1260,247.7166,
LOAD6,1270,247.9773,
LOAD6,1280,248.1392,
LOAD6,1290,248.0054,
LOAD6,1300,248.1635,
LOAD6,1310,247.9088,
LOAD6,1320,247.985,
LOAD6,1330,248.0195,
LOAD6,1340,248.4491,
LOAD6,1350,247.5201,
LOAD6,1360,247.5362,
LOAD6,1370,247.6216,
LOAD6,1380,247.8342,
LOAD6,1390,247.5947,
LOAD6,1400,247.508,
LOAD6,1410,247.3191,
LOAD6,1420,247.6988,
LOAD6,1430,247.5402,
LOAD6,1440,247.5104,
LOAD7,10,247.7159,
LOAD7,20,247.4223,
LOAD7,30,247.3473,
LOAD7,40,247.3625,
LOAD7,50,247.5155,
LOAD7,60,247.4579,
LOAD7,70,248.0134,
LOAD7,80,248.0077,
LOAD7,90,248.0697,
LOAD7,100,247.9832,
LOAD7,110,248.0406,
LOAD7,120,247.9231,
LOAD7,130,247.8994,
LOAD7,140,247.9646,
LOAD7,150,248.0023,
LOAD7,160,248.0158,
LOAD7,170,247.9751,
LOAD7,180,248.0518,
LOAD7,190,248.0977,
LOAD7,200,248.0299,
LOAD7,210,248.0952,
LOAD7,220,247.9809,
LOAD7,230,248.0488,
LOAD7,240,248.4687,
LOAD7,250,248.2629,
LOAD7,260,248.2325,
LOAD7,270,248.1332,
LOAD7,280,247.1859,
LOAD7,290,247.8399,
LOAD7,300,247.7896,
LOAD7,310,247.757,
LOAD7,320,247.9456,
LOAD7,330,248.179,
LOAD7,340,248.3679,
LOAD7,350,248.3941,
LOAD7,360,248.4042,
LOAD7,370,248.4227,
LOAD7,380,248.5628,
LOAD7,390,248.4881,
LOAD7,400,248.3315,
LOAD7,410,248.5742,
LOAD7,420,248.6839,
LOAD7,430,247.152,
LOAD7,440,247.076,
LOAD7,450,249.447,
LOAD7,460,249.7366,
LOAD7,470,249.6864,
LOAD7,480,249.9803,
LOAD7,490,249.8314,
LOAD7,500,249.996,
LOAD7,510,249.5651,
LOAD7,520,250.2738,
LOAD7,530,250.4922,
LOAD7,540,250.1936,
LOAD7,550,249.9327,
LOAD7,560,249.3122,
LOAD7,570,250.4669,
LOAD7,580,250.8307,
LOAD7,590,250.8175,
LOAD7,600,250.413,
LOAD7,610,250.4463,
LOAD7,620,249.8996,
LOAD7,630,250.4313,
LOAD7,640,250.605,
LOAD7,650,251.3211,
LOAD7,660,251.4228,
LOAD7,670,251.5251,
LOAD7,680,251.4789,
LOAD7,690,251.6876,
LOAD7,700,251.492,
LOAD7,710,250.9107,
LOAD7,720,250.4946,
LOAD7,730,250.0589,
LOAD7,740,251.888,
LOAD7,750,252.0363,
LOAD7,760,251.6359,
LOAD7,770,250.9946,
LOAD7,780,249.9822,
LOAD7,790,249.4087,
LOAD7,800,250.9041,
LOAD7,810,250.631,
LOAD7,820,250.9628,
LOAD7,830,248.091,
LOAD7,840,250.0664,
LOAD7,850,250.3341,
LOAD7,860,250.1385,
LOAD7,870,250.564,
LOAD7,880,250.5223,
LOAD7,890,250.4537,
LOAD7,900,250.0229,
LOAD7,910,249.1783,
LOAD7,920,249.7752,
LOAD7,930,249.4341,
LOAD7,940,249.3302,
LOAD7,950,249.7962,
LOAD7,960,249.6163,
LOAD7,970,248.3677,
LOAD7,980,249.4061,
LOAD7,990,249.5372,
LOAD7,1000,249.9132,
LOAD7,1010,249.2105,
LOAD7,1020,249.3949,
LOAD7,1030,250.6063,
LOAD7,1040,250.3306,
LOAD7,1050,250.2866,
LOAD7,1060,250.0393,
LOAD7,1070,250.0187,
LOAD7,1080,250.5322,
LOAD7,1090,249.882,
LOAD7,1100,249.2016,
LOAD7,1110,247.7504,
LOAD7,1120,248.7541,
LOAD7,1130,248.7282,
LOAD7,1140,247.2709,
LOAD7,1150,246.2836,
LOAD7,1160,245.0711,
LOAD7,1170,247.4092,
LOAD7,1180,246.7887,
LOAD7,1190,246.6281,
LOAD7,1200,247.7185,
LOAD7,1210,246.5902,
LOAD7,1220,247.2215,
LOAD7,1230,247.066,
LOAD7,1240,247.1134,
LOAD7,1250,247.0708,
LOAD7,1260,247.3485,
LOAD7,1270,246.744,
LOAD7,1280,246.1843,
LOAD7,1290,246.7799,
LOAD7,1300,246.8972,
LOAD7,1310,246.7443,
LOAD7,1320,246.9406,
LOAD7,1330,246.9884,
LOAD7,1340,247.1703,
LOAD7,1350,247.3217,
LOAD7,1360,247.2636,
LOAD7,1370,247.6493,
LOAD7,1380,247.3433,
LOAD7,1390,248.0964,
LOAD7,1400,248.1673,
LOAD7,1410,247.9653,
LOAD7,1420,247.3489,
LOAD7,1430,248.0792,
LOAD7,1440,248.1336,
LOAD8,10,247.0357,
LOAD8,20,247.998,
LOAD8,30,248.0234,
LOAD8,40,248.1189,
LOAD8,50,248.2805,
LOAD8,60,248.3425,
LOAD8,70,248.2498,
LOAD8,80,248.2811,
LOAD8,90,248.1463,
LOAD8,100,248.1082,
LOAD8,110,248.1629,
LOAD8,120,248.0813,
LOAD8,130,248.1816,
LOAD8,140,248.1971,
LOAD8,150,248.2883,
LOAD8,160,248.0748,
LOAD8,170,248.0201,
LOAD8,180,248.0314,
LOAD8,190,248.1368,
LOAD8,200,248.2761,
LOAD8,210,248.2828,
LOAD8,220,248.2222,
LOAD8,230,248.0926,
LOAD8,240,248.3059,
LOAD8,250,248.0772,
LOAD8,260,248.1374,
LOAD8,270,248.1679,
LOAD8,280,248.4075,
LOAD8,290,248.2757,
LOAD8,300,248.2466,
LOAD8,310,248.2057,
LOAD8,320,248.0237,
LOAD8,330,248.1578,
LOAD8,340,248.2489,
LOAD8,350,248.2285,
LOAD8,360,248.3548,
LOAD8,370,248.3773,
LOAD8,380,248.3762,
LOAD8,390,248.4218,
LOAD8,400,248.7045,
LOAD8,410,247.8716,
LOAD8,420,247.8751,
LOAD8,430,247.1938,
LOAD8,440,248.699,
LOAD8,450,248.2661,
LOAD8,460,248.3361,
LOAD8,470,248.3068,
LOAD8,480,247.632,
LOAD8,490,247.7124,
LOAD8,500,247.7931,
LOAD8,510,248.6394,
LOAD8,520,248.5845,
LOAD8,530,248.8437,
LOAD8,540,248.5812,
LOAD8,550,248.5931,
LOAD8,560,248.4316,
LOAD8,570,248.7554,
LOAD8,580,248.6483,
LOAD8,590,248.1604,
LOAD8,600,248.0394,
LOAD8,610,248.6019,
LOAD8,620,248.2361,
LOAD8,630,248.7605,
LOAD8,640,248.7275,
LOAD8,650,248.63,
LOAD8,660,248.5817,
LOAD8,670,248.5884,
LOAD8,680,248.7518,
LOAD8,690,248.4188,
LOAD8,700,248.9469,
LOAD8,710,249.3746,
LOAD8,720,249.5022,
LOAD8,730,249.4145,
LOAD8,740,249.0361,
LOAD8,750,248.3943,
LOAD8,760,249.371,
LOAD8,770,249.4534,
LOAD8,780,249.7918,
LOAD8,790,248.7877,
LOAD8,800,248.3517,
LOAD8,810,249.4856,
LOAD8,820,249.142,
LOAD8,830,249.7236,
LOAD8,840,249.4935,
LOAD8,850,248.8392,
LOAD8,860,248.9779,
LOAD8,870,248.6783,
LOAD8,880,248.4049,
LOAD8,890,248.6702,
LOAD8,900,249.0961,
LOAD8,910,249.0744,
LOAD8,920,249.0186,
LOAD8,930,248.8217,
LOAD8,940,248.7134,
LOAD8,950,248.4729,
LOAD8,960,248.8896,
LOAD8,970,248.4625,
LOAD8,980,247.3517,
LOAD8,990,248.5751,
LOAD8,1000,248.2395,
LOAD8,1010,248.0573,
LOAD8,1020,248.6176,
LOAD8,1030,247.3411,
LOAD8,1040,247.3691,
LOAD8,1050,247.5494,
LOAD8,1060,247.7561,
LOAD8,1070,248.7659,
LOAD8,1080,247.9121,
LOAD8,1090,247.5843,
LOAD8,1100,246.6951,
LOAD8,1110,246.7316,
LOAD8,1120,247.8923,
LOAD8,1130,247.2778,
LOAD8,1140,246.863,
LOAD8,1150,247.5015,
LOAD8,1160,247.6681,
LOAD8,1170,246.986,
LOAD8,1180,247.0582,
LOAD8,1190,248.1198,
LOAD8,1200,247.8156,
LOAD8,1210,248.1841,
LOAD8,1220,246.8244,
LOAD8,1230,247.3005,
LOAD8,1240,247.4321,
LOAD8,1250,247.8111,
LOAD8,1260,247.6995,
LOAD8,1270,247.9595,
LOAD8,1280,248.1217,
LOAD8,1290,247.9842,
LOAD8,1300,248.1573,
LOAD8,1310,247.9042,
LOAD8,1320,247.9771,
LOAD8,1330,248.0071,
LOAD8,1340,248.4433,
LOAD8,1350,247.4527,
LOAD8,1360,247.4781,
LOAD8,1370,247.5665,
LOAD8,1380,247.7791,
LOAD8,1390,247.5424,
LOAD8,1400,247.4522,
LOAD8,1410,247.262,
LOAD8,1420,247.648,
LOAD8,1430,247.4895,
LOAD8,1440,247.4596,
LOAD9,10,247.8836,
LOAD9,20,247.615,
LOAD9,30,247.5538,
LOAD9,40,247.5267,
LOAD9,50,247.6796,
LOAD9,60,247.6589,
LOAD9,70,248.0715,
LOAD9,80,248.0672,
LOAD9,90,248.1147,
LOAD9,100,248.0518,
LOAD9,110,248.0927,
LOAD9,120,248.0073,
LOAD9,130,247.9878,
LOAD9,140,248.0345,
LOAD9,150,248.0651,
LOAD9,160,248.0686,
LOAD9,170,248.0124,
LOAD9,180,248.0712,
LOAD9,190,248.1049,
LOAD9,200,248.0586,
LOAD9,210,248.1129,
LOAD9,220,248.0232,
LOAD9,230,248.0709,
LOAD9,240,248.3913,
LOAD9,250,248.2583,
LOAD9,260,248.2354,
LOAD9,270,248.1565,
LOAD9,280,247.065,
LOAD9,290,247.9432,
LOAD9,300,247.8825,
LOAD9,310,247.8593,
LOAD9,320,248.0034,
LOAD9,330,248.1995,
LOAD9,340,248.3394,
LOAD9,350,248.3592,
LOAD9,360,248.3495,
LOAD9,370,248.3706,
LOAD9,380,248.4535,
LOAD9,390,248.3951,
LOAD9,400,247.8437,
LOAD9,410,247.9627,
LOAD9,420,248.1396,
LOAD9,430,247.1817,
LOAD9,440,247.1217,
LOAD9,450,249.1185,
LOAD9,460,249.373,
LOAD9,470,249.3449,
LOAD9,480,249.5626,
LOAD9,490,249.4655,
LOAD9,500,249.6192,
LOAD9,510,249.3064,
LOAD9,520,249.8321,
LOAD9,530,250.0157,
LOAD9,540,249.8035,
LOAD9,550,249.6157,
LOAD9,560,249.1707,
LOAD9,570,249.9918,
LOAD9,580,250.2519,
LOAD9,590,250.2983,
LOAD9,600,250.0267,
LOAD9,610,250.0653,
LOAD9,620,249.6617,
LOAD9,630,250.0077,
LOAD9,640,250.1545,
LOAD9,650,250.633,
LOAD9,660,250.7051,
LOAD9,670,250.7987,
LOAD9,680,250.7534,
LOAD9,690,250.8829,
LOAD9,700,250.7507,
LOAD9,710,250.3357,
LOAD9,720,250.0606,
LOAD9,730,249.7491,
LOAD9,740,251.0618,
LOAD9,750,251.1631,
LOAD9,760,250.8461,
LOAD9,770,250.1706,
LOAD9,780,249.5026,
LOAD9,790,248.7885,
LOAD9,800,250.2593,
LOAD9,810,249.8851,
LOAD9,820,250.1127,
LOAD9,830,247.6667,
LOAD9,840,249.4496,
LOAD9,850,249.9456,
LOAD9,860,249.8613,
LOAD9,870,250.106,
LOAD9,880,249.8861,
LOAD9,890,250.0305,
LOAD9,900,249.7162,
LOAD9,910,249.1702,
LOAD9,920,249.5724,
LOAD9,930,249.3079,
LOAD9,940,249.2167,
LOAD9,950,249.5203,
LOAD9,960,249.3796,
LOAD9,970,248.6154,
LOAD9,980,249.3134,
LOAD9,990,249.3294,
LOAD9,1000,249.5705,
LOAD9,1010,248.4001,
LOAD9,1020,248.7138,
LOAD9,1030,250.0644,
LOAD9,1040,249.9049,
LOAD9,1050,249.8301,
LOAD9,1060,249.6259,
LOAD9,1070,249.5434,
LOAD9,1080,249.876,
LOAD9,1090,249.3984,
LOAD9,1100,248.8962,
LOAD9,1110,247.5097,
LOAD9,1120,248.6039,
LOAD9,1130,248.5963,
LOAD9,1140,247.6056,
LOAD9,1150,246.6399,
LOAD9,1160,245.5825,
LOAD9,1170,247.2733,
LOAD9,1180,246.8929,
LOAD9,1190,246.6587,
LOAD9,1200,247.6734,
LOAD9,1210,246.67,
LOAD9,1220,247.2326,
LOAD9,1230,247.1262,
LOAD9,1240,247.3935,
LOAD9,1250,247.3457,
LOAD9,1260,247.5262,
LOAD9,1270,247.0468,
LOAD9,1280,246.7238,
LOAD9,1290,247.1674,
LOAD9,1300,247.281,
LOAD9,1310,247.1828,
LOAD9,1320,247.2772,
LOAD9,1330,247.3181,
LOAD9,1340,247.4113,
LOAD9,1350,247.5471,
LOAD9,1360,247.4976,
LOAD9,1370,247.8024,
LOAD9,1380,247.5788,
LOAD9,1390,248.0938,
LOAD9,1400,248.1516,
LOAD9,1410,248.0174,
LOAD9,1420,247.1847,
LOAD9,1430,248.1285,
LOAD9,1440,248.1486,
LOAD10,10,247.7133,
LOAD10,20,247.4196,
LOAD10,30,247.3446,
LOAD10,40,247.3598,
LOAD10,50,247.5128,
LOAD10,60,247.4552,
LOAD10,70,248.0107,
LOAD10,80,248.005,
LOAD10,90,248.0671,
LOAD10,100,247.9755,
LOAD10,110,248.033,
LOAD10,120,247.9118,
LOAD10,130,247.8881,
LOAD10,140,247.957,
LOAD10,150,247.9996,
LOAD10,160,248.0131,
LOAD10,170,247.9724,
LOAD10,180,248.0491,
LOAD10,190,248.0951,
LOAD10,200,248.0273,
LOAD10,210,248.0925,
LOAD10,220,247.9782,
LOAD10,230,248.0461,
LOAD10,240,248.4661,
LOAD10,250,248.2602,
LOAD10,260,248.2298,
LOAD10,270,248.1305,
LOAD10,280,247.1832,
LOAD10,290,247.8322,
LOAD10,300,247.782,
LOAD10,310,247.7458,
LOAD10,320,247.935,
LOAD10,330,248.1779,
LOAD10,340,248.368,
LOAD10,350,248.3956,
LOAD10,360,248.4072,
LOAD10,370,248.4274,
LOAD10,380,248.5691,
LOAD10,390,248.4961,
LOAD10,400,248.3412,
LOAD10,410,248.5857,
LOAD10,420,248.6971,
LOAD10,430,247.0597,
LOAD10,440,246.9878,
LOAD10,450,249.4679,
LOAD10,460,249.7592,
LOAD10,470,249.7059,
LOAD10,480,250.0015,
LOAD10,490,249.8507,
LOAD10,500,250.0169,
LOAD10,510,249.5928,
LOAD10,520,250.3066,
LOAD10,530,250.5229,
LOAD10,540,250.2233,
LOAD10,550,249.9644,
LOAD10,560,249.3447,
LOAD10,570,250.5012,
LOAD10,580,250.862,
LOAD10,590,250.8477,
LOAD10,600,250.4272,
LOAD10,610,250.46,
LOAD10,620,249.918,
LOAD10,630,250.4716,
LOAD10,640,250.6491,
LOAD10,650,251.3665,
LOAD10,660,251.4692,
LOAD10,670,251.5724,
LOAD10,680,251.5233,
LOAD10,690,251.7376,
LOAD10,700,251.5464,
LOAD10,710,250.9658,
LOAD10,720,250.5504,
LOAD10,730,250.1153,
LOAD10,740,251.9432,
LOAD10,750,252.0918,
LOAD10,760,251.6916,
LOAD10,770,251.0478,
LOAD10,780,250.0328,
LOAD10,790,249.4586,
LOAD10,800,250.9515,
LOAD10,810,250.682,
LOAD10,820,251.0134,
LOAD10,830,248.1347,
LOAD10,840,250.1057,
LOAD10,850,250.3834,
LOAD10,860,250.1407,
LOAD10,870,250.6086,
LOAD10,880,250.5711,
LOAD10,890,250.5054,
LOAD10,900,250.028,
LOAD10,910,249.1998,
LOAD10,920,249.8374,
LOAD10,930,249.4891,
LOAD10,940,249.3752,
LOAD10,950,249.8401,
LOAD10,960,249.6596,
LOAD10,970,248.3036,
LOAD10,980,249.406,
LOAD10,990,249.5616,
LOAD10,1000,249.9357,
LOAD10,1010,249.2498,
LOAD10,1020,249.4276,
LOAD10,1030,250.6372,
LOAD10,1040,250.3631,
LOAD10,1050,250.316,
LOAD10,1060,250.0702,
LOAD10,1070,250.0518,
LOAD10,1080,250.5674,
LOAD10,1090,249.9148,
LOAD10,1100,249.2327,
LOAD10,1110,247.7811,
LOAD10,1120,248.7824,
LOAD10,1130,248.7519,
LOAD10,1140,247.3105,
LOAD10,1150,246.3182,
LOAD10,1160,245.1063,
LOAD10,1170,247.4239,
LOAD10,1180,246.7981,
LOAD10,1190,246.5923,
LOAD10,1200,247.7044,
LOAD10,1210,246.5743,
LOAD10,1220,247.2177,
LOAD10,1230,247.0584,
LOAD10,1240,247.1073,
LOAD10,1250,247.055,
LOAD10,1260,247.3381,
LOAD10,1270,246.7363,
LOAD10,1280,246.1776,
LOAD10,1290,246.7884,
LOAD10,1300,246.9026,
LOAD10,1310,246.7512,
LOAD10,1320,246.9421,
LOAD10,1330,246.9896,
LOAD10,1340,247.1716,
LOAD10,1350,247.3219,
LOAD10,1360,247.264,
LOAD10,1370,247.6497,
LOAD10,1380,247.3387,
LOAD10,1390,248.0888,
LOAD10,1400,248.1597,
LOAD10,1410,247.9577,
LOAD10,1420,247.3463,
LOAD10,1430,248.0728,
LOAD10,1440,248.1273,
LOAD11,10,246.9436,
LOAD11,20,247.9768,
LOAD11,30,248.0214,
LOAD11,40,248.1334,
LOAD11,50,248.3046,
LOAD11,60,248.3849,
LOAD11,70,248.2488,
LOAD11,80,248.2848,
LOAD11,90,248.135,
LOAD11,100,248.084,
LOAD11,110,248.1423,
LOAD11,120,248.0661,
LOAD11,130,248.1496,
LOAD11,140,248.1702,
LOAD11,150,248.3005,
LOAD11,160,248.0471,
LOAD11,170,247.991,
LOAD11,180,248.0069,
LOAD11,190,248.1134,
LOAD11,200,248.2767,
LOAD11,210,248.2936,
LOAD11,220,248.2114,
LOAD11,230,248.0435,
LOAD11,240,248.3378,
LOAD11,250,248.04,
LOAD11,260,248.1167,
LOAD11,270,248.1321,
LOAD11,280,248.4069,
LOAD11,290,248.2764,
LOAD11,300,248.2466,
LOAD11,310,248.1929,
LOAD11,320,248.0095,
LOAD11,330,248.1744,
LOAD11,340,248.265,
LOAD11,350,248.2392,
LOAD11,360,248.3778,
LOAD11,370,248.4056,
LOAD11,380,248.4009,
LOAD11,390,248.4595,
LOAD11,400,248.8422,
LOAD11,410,247.5849,
LOAD11,420,247.5569,
LOAD11,430,247.0123,
LOAD11,440,248.8131,
LOAD11,450,248.3107,
LOAD11,460,248.3466,
LOAD11,470,248.3314,
LOAD11,480,247.7552,
LOAD11,490,247.8226,
LOAD11,500,247.924,
LOAD11,510,248.7546,
LOAD11,520,248.7433,
LOAD11,530,248.9761,
LOAD11,540,248.5828,
LOAD11,550,248.6528,
LOAD11,560,248.8201,
LOAD11,570,249.1652,
LOAD11,580,248.9855,
LOAD11,590,248.6779,
LOAD11,600,248.5339,
LOAD11,610,249.1075,
LOAD11,620,248.7948,
LOAD11,630,249.2147,
LOAD11,640,249.1764,
LOAD11,650,249.0724,
LOAD11,660,249.0074,
LOAD11,670,248.925,
LOAD11,680,248.7497,
LOAD11,690,248.2529,
LOAD11,700,249.0726,
LOAD11,710,249.6817,
LOAD11,720,249.8212,
LOAD11,730,249.6276,
LOAD11,740,249.144,
LOAD11,750,248.1918,
LOAD11,760,249.6767,
LOAD11,770,249.797,
LOAD11,780,250.3384,
LOAD11,790,249.4608,
LOAD11,800,248.8171,
LOAD11,810,249.8488,
LOAD11,820,249.5493,
LOAD11,830,250.2892,
LOAD11,840,249.9304,
LOAD11,850,249.3206,
LOAD11,860,249.4831,
LOAD11,870,249.0998,
LOAD11,880,248.704,
LOAD11,890,249.157,
LOAD11,900,249.7064,
LOAD11,910,249.6611,
LOAD11,920,249.5108,
LOAD11,930,249.2326,
LOAD11,940,249.0661,
LOAD11,950,248.7154,
LOAD11,960,249.1424,
LOAD11,970,248.8886,
LOAD11,980,247.8706,
LOAD11,990,248.8352,
LOAD11,1000,248.0677,
LOAD11,1010,247.8283,
LOAD11,1020,248.7648,
LOAD11,1030,247.3605,
LOAD11,1040,247.3614,
LOAD11,1050,247.8387,
LOAD11,1060,248.0025,
LOAD11,1070,249.1067,
LOAD11,1080,247.7093,
LOAD11,1090,247.2399,
LOAD11,1100,245.9174,
LOAD11,1110,246.2895,
LOAD11,1120,247.65,
LOAD11,1130,247.0487,
LOAD11,1140,246.0532,
LOAD11,1150,247.3509,
LOAD11,1160,247.4881,
LOAD11,1170,246.8378,
LOAD11,1180,246.766,
LOAD11,1190,248.0346,
LOAD11,1200,247.6598,
LOAD11,1210,248.2637,
LOAD11,1220,247.0638,
LOAD11,1230,247.3936,
LOAD11,1240,247.5882,
LOAD11,1250,247.741,
LOAD11,1260,247.6251,
LOAD11,1270,247.9396,
LOAD11,1280,248.1629,
LOAD11,1290,248.0103,
LOAD11,1300,248.1953,
LOAD11,1310,247.8795,
LOAD11,1320,247.9059,
LOAD11,1330,247.9312,
LOAD11,1340,248.5039,
LOAD11,1350,247.5733,
LOAD11,1360,247.5404,
LOAD11,1370,247.6416,
LOAD11,1380,247.9633,
LOAD11,1390,247.6654,
LOAD11,1400,247.5747,
LOAD11,1410,247.2615,
LOAD11,1420,247.7216,
LOAD11,1430,247.5515,
LOAD11,1440,247.5099,
LOAD12,10,246.9435,
LOAD12,20,247.9768,
LOAD12,30,248.0233,
LOAD12,40,248.1308,
LOAD12,50,248.3,
LOAD12,60,248.3849,
LOAD12,70,248.2488,
LOAD12,80,248.2848,
LOAD12,90,248.135,
LOAD12,100,248.086,
LOAD12,110,248.1442,
LOAD12,120,248.0681,
LOAD12,130,248.147,
LOAD12,140,248.1676,
LOAD12,150,248.3005,
LOAD12,160,248.044,
LOAD12,170,247.9879,
LOAD12,180,248.0039,
LOAD12,190,248.1103,
LOAD12,200,248.2767,
LOAD12,210,248.2936,
LOAD12,220,248.2068,
LOAD12,230,248.0409,
LOAD12,240,248.3418,
LOAD12,250,248.0439,
LOAD12,260,248.1187,
LOAD12,270,248.1341,
LOAD12,280,248.4068,
LOAD12,290,248.2763,
LOAD12,300,248.2466,
LOAD12,310,248.1884,
LOAD12,320,248.0056,
LOAD12,330,248.1759,
LOAD12,340,248.2677,
LOAD12,350,248.2433,
LOAD12,360,248.3833,
LOAD12,370,248.4147,
LOAD12,380,248.4117,
LOAD12,390,248.4719,
LOAD12,400,248.8517,
LOAD12,410,247.5047,
LOAD12,420,247.4798,
LOAD12,430,246.9374,
LOAD12,440,248.8295,
LOAD12,450,248.3301,
LOAD12,460,248.3733,
LOAD12,470,248.3563,
LOAD12,480,247.7862,
LOAD12,490,247.8474,
LOAD12,500,247.9542,
LOAD12,510,248.779,
LOAD12,520,248.7731,
LOAD12,530,249.0051,
LOAD12,540,248.6185,
LOAD12,550,248.6901,
LOAD12,560,248.8588,
LOAD12,570,249.2054,
LOAD12,580,249.0226,
LOAD12,590,248.7163,
LOAD12,600,248.5716,
LOAD12,610,249.151,
LOAD12,620,248.8375,
LOAD12,630,249.2604,
LOAD12,640,249.2229,
LOAD12,650,249.1257,
LOAD12,660,249.062,
LOAD12,670,248.9702,
LOAD12,680,248.7333,
LOAD12,690,248.2389,
LOAD12,700,249.1217,
LOAD12,710,249.7313,
LOAD12,720,249.8743,
LOAD12,730,249.6334,
LOAD12,740,249.1942,
LOAD12,750,248.2698,
LOAD12,760,249.7252,
LOAD12,770,249.851,
LOAD12,780,250.3925,
LOAD12,790,249.5196,
LOAD12,800,248.876,
LOAD12,810,249.9054,
LOAD12,820,249.6058,
LOAD12,830,250.3452,
LOAD12,840,249.9873,
LOAD12,850,249.3783,
LOAD12,860,249.5354,
LOAD12,870,249.1516,
LOAD12,880,248.7578,
LOAD12,890,249.2099,
LOAD12,900,249.7604,
LOAD12,910,249.7142,
LOAD12,920,249.5631,
LOAD12,930,249.2839,
LOAD12,940,249.1114,
LOAD12,950,248.7551,
LOAD12,960,249.1783,
LOAD12,970,248.9304,
LOAD12,980,247.9143,
LOAD12,990,248.8774,
LOAD12,1000,248.0189,
LOAD12,1010,247.7783,
LOAD12,1020,248.8028,
LOAD12,1030,247.3991,
LOAD12,1040,247.3939,
LOAD12,1050,247.8701,
LOAD12,1060,248.0345,
LOAD12,1070,249.1329,
LOAD12,1080,247.7146,
LOAD12,1090,247.2399,
LOAD12,1100,245.9395,
LOAD12,1110,246.2931,
LOAD12,1120,247.6544,
LOAD12,1130,246.9956,
LOAD12,1140,246.0954,
LOAD12,1150,247.3639,
LOAD12,1160,247.4714,
LOAD12,1170,246.7822,
LOAD12,1180,246.7099,
LOAD12,1190,248.0306,
LOAD12,1200,247.6483,
LOAD12,1210,248.2536,
LOAD12,1220,247.0563,
LOAD12,1230,247.3931,
LOAD12,1240,247.5916,
LOAD12,1250,247.7367,
LOAD12,1260,247.6063,
LOAD12,1270,247.9147,
LOAD12,1280,248.1407,
LOAD12,1290,247.9908,
LOAD12,1300,248.2073,
LOAD12,1310,247.8906,
LOAD12,1320,247.9171,
LOAD12,1330,247.9465,
LOAD12,1340,248.5117,
LOAD12,1350,247.5815,
LOAD12,1360,247.5562,
LOAD12,1370,247.6609,
LOAD12,1380,247.9702,
LOAD12,1390,247.6723,
LOAD12,1400,247.5755,
LOAD12,1410,247.2646,
LOAD12,1420,247.7215,
LOAD12,1430,247.5534,
LOAD12,1440,247.5118,
LOAD13,10,247.8409,
LOAD13,20,247.9288,
LOAD13,30,247.9215,
LOAD13,40,248.0875,
LOAD13,50,248.2466,
LOAD13,60,248.2832,
LOAD13,70,248.1584,
LOAD13,80,248.0757,
LOAD13,90,248.0726,
LOAD13,100,247.9916,
LOAD13,110,247.9784,
LOAD13,120,248.0497,
LOAD13,130,247.9731,
LOAD13,140,247.9294,
LOAD13,150,248.0495,
LOAD13,160,248.0023,
LOAD13,170,247.9614,
LOAD13,180,247.9206,
LOAD13,190,247.9783,
LOAD13,200,247.867,
LOAD13,210,248.0405,
LOAD13,220,248.0205,
LOAD13,230,248.026,
LOAD13,240,246.5315,
LOAD13,250,247.8886,
LOAD13,260,247.9036,
LOAD13,270,248.0316,
LOAD13,280,248.2947,
LOAD13,290,248.099,
LOAD13,300,248.1676,
LOAD13,310,248.0946,
LOAD13,320,248.0936,
LOAD13,330,248.054,
LOAD13,340,248.1688,
LOAD13,350,248.4199,
LOAD13,360,248.467,
LOAD13,370,248.64,
LOAD13,380,248.6204,
LOAD13,390,248.6836,
LOAD13,400,246.7515,
LOAD13,410,247.053,
LOAD13,420,248.2109,
LOAD13,430,250.0986,
LOAD13,440,249.8855,
LOAD13,450,249.6768,
LOAD13,460,249.574,
LOAD13,470,249.717,
LOAD13,480,249.3579,
LOAD13,490,249.8673,
LOAD13,500,249.7135,
LOAD13,510,249.9587,
LOAD13,520,249.6215,
LOAD13,530,249.5799,
LOAD13,540,249.1817,
LOAD13,550,249.224,
LOAD13,560,250.248,
LOAD13,570,248.5708,
LOAD13,580,247.3166,
LOAD13,590,248.8323,
LOAD13,600,249.9596,
LOAD13,610,250.0968,
LOAD13,620,250.7837,
LOAD13,630,249.9788,
LOAD13,640,250.2494,
LOAD13,650,250.5357,
LOAD13,660,250.8015,
LOAD13,670,250.9683,
LOAD13,680,251.3117,
LOAD13,690,251.1881,
LOAD13,700,251.3539,
LOAD13,710,251.5397,
LOAD13,720,251.7485,
LOAD13,730,251.802,
LOAD13,740,250.9688,
LOAD13,750,251.7019,
LOAD13,760,251.787,
LOAD13,770,252.1613,
LOAD13,780,250.903,
LOAD13,790,251.1556,
LOAD13,800,252.1744,
LOAD13,810,251.771,
LOAD13,820,251.6901,
LOAD13,830,251.5729,
LOAD13,840,251.4059,
LOAD13,850,251.4998,
LOAD13,860,251.3044,
LOAD13,870,251.8533,
LOAD13,880,251.3639,
LOAD13,890,249.6985,
LOAD13,900,250.2518,
LOAD13,910,251.1062,
LOAD13,920,251.3869,
LOAD13,930,249.9916,
LOAD13,940,250.3539,
LOAD13,950,250.4505,
LOAD13,960,250.2427,
LOAD13,970,250.6243,
LOAD13,980,250.4933,
LOAD13,990,249.9593,
LOAD13,1000,248.7655,
LOAD13,1010,250.0202,
LOAD13,1020,250.0794,
LOAD13,1030,249.3581,
LOAD13,1040,247.4764,
LOAD13,1050,248.4017,
LOAD13,1060,248.1959,
LOAD13,1070,246.6944,
LOAD13,1080,246.4193,
LOAD13,1090,248.0625,
LOAD13,1100,248.608,
LOAD13,1110,248.2796,
LOAD13,1120,245.5413,
LOAD13,1130,246.5858,
LOAD13,1140,247.8054,
LOAD13,1150,247.6207,
LOAD13,1160,248.2816,
LOAD13,1170,247.2289,
LOAD13,1180,248.4897,
LOAD13,1190,246.7635,
LOAD13,1200,246.0259,
LOAD13,1210,247.8227,
LOAD13,1220,247.8615,
LOAD13,1230,247.2412,
LOAD13,1240,246.9516,
LOAD13,1250,247.2353,
LOAD13,1260,247.1427,
LOAD13,1270,246.4598,
LOAD13,1280,245.9203,
LOAD13,1290,246.2019,
LOAD13,1300,247.049,
LOAD13,1310,247.399,
LOAD13,1320,246.7689,
LOAD13,1330,247.5233,
LOAD13,1340,246.1531,
LOAD13,1350,247.368,
LOAD13,1360,247.5077,
LOAD13,1370,246.1482,
LOAD13,1380,246.4574,
LOAD13,1390,246.429,
LOAD13,1400,246.2842,
LOAD13,1410,247.6526,
LOAD13,1420,247.9683,
LOAD13,1430,247.9085,
LOAD13,1440,247.8945,
LOAD14,10,247.8426,
LOAD14,20,247.9305,
LOAD14,30,247.9232,
LOAD14,40,248.0846,
LOAD14,50,248.2437,
LOAD14,60,248.2803,
LOAD14,70,248.1556,
LOAD14,80,248.0728,
LOAD14,90,248.0724,
LOAD14,100,247.9883,
LOAD14,110,247.9769,
LOAD14,120,248.0481,
LOAD14,130,247.9698,
LOAD14,140,247.9292,
LOAD14,150,248.0493,
LOAD14,160,247.9994,
LOAD14,170,247.9586,
LOAD14,180,247.9177,
LOAD14,190,247.9754,
LOAD14,200,247.8659,
LOAD14,210,248.0421,
LOAD14,220,248.0221,
LOAD14,230,248.0259,
LOAD14,240,246.5704,
LOAD14,250,247.8885,
LOAD14,260,247.9034,
LOAD14,270,248.0314,
LOAD14,280,248.2918,
LOAD14,290,248.0961,
LOAD14,300,248.1665,
LOAD14,310,248.0936,
LOAD14,320,248.091,
LOAD14,330,248.0546,
LOAD14,340,248.17,
LOAD14,350,248.4218,
LOAD14,360,248.4696,
LOAD14,370,248.6433,
LOAD14,380,248.6245,
LOAD14,390,248.6901,
LOAD14,400,246.7006,
LOAD14,410,247.0015,
LOAD14,420,248.2096,
LOAD14,430,250.0985,
LOAD14,440,249.8868,
LOAD14,450,249.6796,
LOAD14,460,249.5779,
LOAD14,470,249.7198,
LOAD14,480,249.3705,
LOAD14,490,249.8825,
LOAD14,500,249.7295,
LOAD14,510,249.9756,
LOAD14,520,249.6346,
LOAD14,530,249.5938,
LOAD14,540,249.1964,
LOAD14,550,249.2394,
LOAD14,560,250.2641,
LOAD14,570,248.5905,
LOAD14,580,247.3781,
LOAD14,590,248.8551,
LOAD14,600,249.9829,
LOAD14,610,250.119,
LOAD14,620,250.8063,
LOAD14,630,250.0021,
LOAD14,640,250.2732,
LOAD14,650,250.5572,
LOAD14,660,250.8235,
LOAD14,670,250.9907,
LOAD14,680,251.3363,
LOAD14,690,251.2125,
LOAD14,700,251.3787,
LOAD14,710,251.5587,
LOAD14,720,251.7677,
LOAD14,730,251.8243,
LOAD14,740,250.9916,
LOAD14,750,251.7249,
LOAD14,760,251.81,
LOAD14,770,252.1817,
LOAD14,780,250.8767,
LOAD14,790,251.1264,
LOAD14,800,252.1948,
LOAD14,810,251.7935,
LOAD14,820,251.7126,
LOAD14,830,251.5461,
LOAD14,840,251.4211,
LOAD14,850,251.5271,
LOAD14,860,251.3341,
LOAD14,870,251.8848,
LOAD14,880,251.396,
LOAD14,890,249.741,
LOAD14,900,250.2889,
LOAD14,910,251.1247,
LOAD14,920,251.4031,
LOAD14,930,250.0504,
LOAD14,940,250.3727,
LOAD14,950,250.4664,
LOAD14,960,250.2603,
LOAD14,970,250.6462,
LOAD14,980,250.512,
LOAD14,990,249.974,
LOAD14,1000,248.7805,
LOAD14,1010,250.0287,
LOAD14,1020,250.0885,
LOAD14,1030,249.3884,
LOAD14,1040,247.5085,
LOAD14,1050,248.414,
LOAD14,1060,248.2158,
LOAD14,1070,246.6605,
LOAD14,1080,246.4588,
LOAD14,1090,248.0787,
LOAD14,1100,248.6265,
LOAD14,1110,248.2955,
LOAD14,1120,245.5562,
LOAD14,1130,246.5958,
LOAD14,1140,247.8156,
LOAD14,1150,247.6296,
LOAD14,1160,248.2914,
LOAD14,1170,247.2382,
LOAD14,1180,248.5008,
LOAD14,1190,246.794,
LOAD14,1200,246.0734,
LOAD14,1210,247.8343,
LOAD14,1220,247.869,
LOAD14,1230,247.2676,
LOAD14,1240,246.9707,
LOAD14,1250,247.2342,
LOAD14,1260,247.1405,
LOAD14,1270,246.4602,
LOAD14,1280,245.9181,
LOAD14,1290,246.1974,
LOAD14,1300,247.0475,
LOAD14,1310,247.389,
LOAD14,1320,246.7133,
LOAD14,1330,247.5141,
LOAD14,1340,246.1856,
LOAD14,1350,247.3668,
LOAD14,1360,247.5072,
LOAD14,1370,246.1806,
LOAD14,1380,246.5032,
LOAD14,1390,246.4711,
LOAD14,1400,246.3258,
LOAD14,1410,247.6554,
LOAD14,1420,247.9681,
LOAD14,1430,247.9083,
LOAD14,1440,247.8943,
LOAD15,10,247.4689,
LOAD15,20,247.1682,
LOAD15,30,247.0725,
LOAD15,40,247.1253,
LOAD15,50,247.2994,
LOAD15,60,247.2201,
LOAD15,70,247.9674,
LOAD15,80,247.9635,
LOAD15,90,248.0367,
LOAD15,100,247.952,
LOAD15,110,248.0236,
LOAD15,120,247.8982,
LOAD15,130,247.8672,
LOAD15,140,247.9254,
LOAD15,150,247.9531,
LOAD15,160,247.9668,
LOAD15,170,247.9299,
LOAD15,180,248.0236,
LOAD15,190,248.0846,
LOAD15,200,248.01,
LOAD15,210,248.0865,
LOAD15,220,247.9434,
LOAD15,230,248.0222,
LOAD15,240,248.5116,
LOAD15,250,248.2685,
LOAD15,260,248.237,
LOAD15,270,248.1199,
LOAD15,280,247.1238,
LOAD15,290,247.7783,
LOAD15,300,247.7298,
LOAD15,310,247.7097,
LOAD15,320,247.9262,
LOAD15,330,248.1548,
LOAD15,340,248.3949,
LOAD15,350,248.4192,
LOAD15,360,248.439,
LOAD15,370,248.4452,
LOAD15,380,248.6272,
LOAD15,390,248.5201,
LOAD15,400,248.5009,
LOAD15,410,248.8009,
LOAD15,420,248.8944,
LOAD15,430,247.4443,
LOAD15,440,247.3838,
LOAD15,450,249.6324,
LOAD15,460,249.9605,
LOAD15,470,249.9085,
LOAD15,480,250.2482,
LOAD15,490,250.0777,
LOAD15,500,250.2474,
LOAD15,510,249.6293,
LOAD15,520,250.5267,
LOAD15,530,250.803,
LOAD15,540,250.3582,
LOAD15,550,250.016,
LOAD15,560,249.2623,
LOAD15,570,250.7225,
LOAD15,580,251.1925,
LOAD15,590,251.1678,
LOAD15,600,250.7381,
LOAD15,610,250.7467,
LOAD15,620,250.0521,
LOAD15,630,250.6293,
LOAD15,640,250.7134,
LOAD15,650,251.73,
LOAD15,660,251.8553,
LOAD15,670,251.9637,
LOAD15,680,251.9385,
LOAD15,690,252.1803,
LOAD15,700,251.9342,
LOAD15,710,251.1377,
LOAD15,720,250.5727,
LOAD15,730,249.894,
LOAD15,740,252.4009,
LOAD15,750,252.5967,
LOAD15,760,252.1297,
LOAD15,770,251.4719,
LOAD15,780,249.9901,
LOAD15,790,249.3678,
LOAD15,800,251.2069,
LOAD15,810,251.0212,
LOAD15,820,251.4448,
LOAD15,830,247.8243,
LOAD15,840,250.2909,
LOAD15,850,250.3487,
LOAD15,860,250.3795,
LOAD15,870,250.7198,
LOAD15,880,250.7371,
LOAD15,890,250.45,
LOAD15,900,250.2923,
LOAD15,910,249.4886,
LOAD15,920,250.0427,
LOAD15,930,249.4147,
LOAD15,940,249.1369,
LOAD15,950,249.8168,
LOAD15,960,249.653,
LOAD15,970,248.66,
LOAD15,980,249.5703,
LOAD15,990,249.6015,
LOAD15,1000,250.0346,
LOAD15,1010,249.4808,
LOAD15,1020,249.6911,
LOAD15,1030,250.9384,
LOAD15,1040,250.6788,
LOAD15,1050,250.5053,
LOAD15,1060,250.2502,
LOAD15,1070,250.3734,
LOAD15,1080,250.9797,
LOAD15,1090,250.158,
LOAD15,1100,249.2769,
LOAD15,1110,247.5413,
LOAD15,1120,248.6826,
LOAD15,1130,248.7374,
LOAD15,1140,247.0748,
LOAD15,1150,245.9876,
LOAD15,1160,244.6346,
LOAD15,1170,247.3199,
LOAD15,1180,246.5254,
LOAD15,1190,246.6508,
LOAD15,1200,247.8311,
LOAD15,1210,246.591,
LOAD15,1220,247.1807,
LOAD15,1230,246.983,
LOAD15,1240,246.92,
LOAD15,1250,246.981,
LOAD15,1260,247.2529,
LOAD15,1270,246.4499,
LOAD15,1280,245.6151,
LOAD15,1290,246.4987,
LOAD15,1300,246.5917,
LOAD15,1310,246.3811,
LOAD15,1320,246.5472,
LOAD15,1330,246.6427,
LOAD15,1340,246.8825,
LOAD15,1350,247.041,
LOAD15,1360,246.9645,
LOAD15,1370,247.4064,
LOAD15,1380,247.0724,
LOAD15,1390,248.0356,
LOAD15,1400,248.1145,
LOAD15,1410,247.884,
LOAD15,1420,247.2796,
LOAD15,1430,248.0247,
LOAD15,1440,248.109,
LOAD16,10,247.4174,
LOAD16,20,247.1104,
LOAD16,30,247.0147,
LOAD16,40,247.078,
LOAD16,50,247.252,
LOAD16,60,247.1727,
LOAD16,70,247.9633,
LOAD16,80,247.9593,
LOAD16,90,248.0325,
LOAD16,100,247.9536,
LOAD16,110,248.0252,
LOAD16,120,247.8999,
LOAD16,130,247.8688,
LOAD16,140,247.9271,
LOAD16,150,247.9484,
LOAD16,160,247.9621,
LOAD16,170,247.9252,
LOAD16,180,248.0194,
LOAD16,190,248.0804,
LOAD16,200,248.0058,
LOAD16,210,248.0865,
LOAD16,220,247.9434,
LOAD16,230,248.0222,
LOAD16,240,248.5115,
LOAD16,250,248.2685,
LOAD16,260,248.237,
LOAD16,270,248.1198,
LOAD16,280,247.1196,
LOAD16,290,247.7758,
LOAD16,300,247.7273,
LOAD16,310,247.7114,
LOAD16,320,247.928,
LOAD16,330,248.157,
LOAD16,340,248.3959,
LOAD16,350,248.4208,
LOAD16,360,248.4412,
LOAD16,370,248.448,
LOAD16,380,248.6306,
LOAD16,390,248.5154,
LOAD16,400,248.4968,
LOAD16,410,248.8022,
LOAD16,420,248.9005,
LOAD16,430,247.4511,
LOAD16,440,247.3913,
LOAD16,450,249.6402,
LOAD16,460,249.969,
LOAD16,470,249.9194,
LOAD16,480,250.2597,
LOAD16,490,250.0899,
LOAD16,500,250.2568,
LOAD16,510,249.6483,
LOAD16,520,250.5333,
LOAD16,530,250.8144,
LOAD16,540,250.3879,
LOAD16,550,250.0451,
LOAD16,560,249.2815,
LOAD16,570,250.7352,
LOAD16,580,251.1999,
LOAD16,590,251.1771,
LOAD16,600,250.7497,
LOAD16,610,250.7519,
LOAD16,620,250.0532,
LOAD16,630,250.6307,
LOAD16,640,250.6568,
LOAD16,650,251.7418,
LOAD16,660,251.8715,
LOAD16,670,251.9804,
LOAD16,680,251.9577,
LOAD16,690,252.2017,
LOAD16,700,251.9569,
LOAD16,710,251.1754,
LOAD16,720,250.5339,
LOAD16,730,249.7951,
LOAD16,740,252.4185,
LOAD16,750,252.6181,
LOAD16,760,252.1493,
LOAD16,770,251.4907,
LOAD16,780,249.9607,
LOAD16,790,249.2874,
LOAD16,800,251.2162,
LOAD16,810,251.0217,
LOAD16,820,251.4601,
LOAD16,830,247.7536,
LOAD16,840,250.2604,
LOAD16,850,250.2701,
LOAD16,860,250.3445,
LOAD16,870,250.6861,
LOAD16,880,250.7084,
LOAD16,890,250.4416,
LOAD16,900,250.2594,
LOAD16,910,249.4555,
LOAD16,920,250.0101,
LOAD16,930,249.377,
LOAD16,940,249.1143,
LOAD16,950,249.8427,
LOAD16,960,249.6404,
LOAD16,970,248.6723,
LOAD16,980,249.5369,
LOAD16,990,249.5674,
LOAD16,1000,249.9955,
LOAD16,1010,249.4847,
LOAD16,1020,249.6979,
LOAD16,1030,250.9416,
LOAD16,1040,250.6759,
LOAD16,1050,250.4905,
LOAD16,1060,250.2347,
LOAD16,1070,250.3874,
LOAD16,1080,250.9918,
LOAD16,1090,250.1498,
LOAD16,1100,249.2211,
LOAD16,1110,247.5044,
LOAD16,1120,248.68,
LOAD16,1130,248.7634,
LOAD16,1140,247.0294,
LOAD16,1150,245.9391,
LOAD16,1160,244.5773,
LOAD16,1170,247.324,
LOAD16,1180,246.5326,
LOAD16,1190,246.6546,
LOAD16,1200,247.8258,
LOAD16,1210,246.5868,
LOAD16,1220,247.1771,
LOAD16,1230,246.9779,
LOAD16,1240,246.9142,
LOAD16,1250,246.9714,
LOAD16,1260,247.2427,
LOAD16,1270,246.3939,
LOAD16,1280,245.5857,
LOAD16,1290,246.4457,
LOAD16,1300,246.5413,
LOAD16,1310,246.3075,
LOAD16,1320,246.4689,
LOAD16,1330,246.5821,
LOAD16,1340,246.8202,
LOAD16,1350,246.984,
LOAD16,1360,246.9034,
LOAD16,1370,247.3474,
LOAD16,1380,247.0131,
LOAD16,1390,248.0286,
LOAD16,1400,248.1074,
LOAD16,1410,247.8782,
LOAD16,1420,247.2704,
LOAD16,1430,248.0186,
LOAD16,1440,248.1021,
LOAD17,10,246.5873,
LOAD17,20,247.8535,
LOAD17,30,247.9601,
LOAD17,40,248.1577,
LOAD17,50,248.3334,
LOAD17,60,248.4035,
LOAD17,70,248.2428,
LOAD17,80,248.2793,
LOAD17,90,248.107,
LOAD17,100,248.069,
LOAD17,110,248.1334,
LOAD17,120,248.0541,
LOAD17,130,248.171,
LOAD17,140,248.2,
LOAD17,150,248.3082,
LOAD17,160,248.0164,
LOAD17,170,247.9508,
LOAD17,180,247.9706,
LOAD17,190,248.0869,
LOAD17,200,248.2542,
LOAD17,210,248.2949,
LOAD17,220,248.22,
LOAD17,230,248.0463,
LOAD17,240,248.3635,
LOAD17,250,248.0425,
LOAD17,260,248.1066,
LOAD17,270,248.1169,
LOAD17,280,248.4012,
LOAD17,290,248.2727,
LOAD17,300,248.2355,
LOAD17,310,248.1974,
LOAD17,320,248.0027,
LOAD17,330,248.1625,
LOAD17,340,248.2527,
LOAD17,350,248.2216,
LOAD17,360,248.3739,
LOAD17,370,248.4367,
LOAD17,380,248.4114,
LOAD17,390,248.4704,
LOAD17,400,248.9016,
LOAD17,410,247.7069,
LOAD17,420,247.69,
LOAD17,430,247.0881,
LOAD17,440,248.7636,
LOAD17,450,248.3026,
LOAD17,460,248.3707,
LOAD17,470,248.3557,
LOAD17,480,247.806,
LOAD17,490,247.8064,
LOAD17,500,247.9186,
LOAD17,510,248.7724,
LOAD17,520,248.7668,
LOAD17,530,249.009,
LOAD17,540,248.3128,
LOAD17,550,248.4195,
LOAD17,560,248.8632,
LOAD17,570,249.1993,
LOAD17,580,248.8815,
LOAD17,590,248.7585,
LOAD17,600,248.6024,
LOAD17,610,249.2349,
LOAD17,620,248.9221,
LOAD17,630,249.373,
LOAD17,640,249.2942,
LOAD17,650,249.2104,
LOAD17,660,249.1298,
LOAD17,670,249.0545,
LOAD17,680,248.9472,
LOAD17,690,248.2253,
LOAD17,700,248.9508,
LOAD17,710,249.7591,
LOAD17,720,249.8877,
LOAD17,730,249.8759,
LOAD17,740,249.0062,
LOAD17,750,248.1493,
LOAD17,760,249.8011,
LOAD17,770,249.9562,
LOAD17,780,250.5998,
LOAD17,790,249.688,
LOAD17,800,248.9351,
LOAD17,810,249.9432,
LOAD17,820,249.6589,
LOAD17,830,250.4669,
LOAD17,840,250.0911,
LOAD17,850,249.4701,
LOAD17,860,249.6633,
LOAD17,870,249.2313,
LOAD17,880,248.5742,
LOAD17,890,249.1206,
LOAD17,900,249.9163,
LOAD17,910,249.8821,
LOAD17,920,249.6796,
LOAD17,930,249.2361,
LOAD17,940,249.0488,
LOAD17,950,248.6454,
LOAD17,960,249.1295,
LOAD17,970,248.8312,
LOAD17,980,247.7753,
LOAD17,990,248.7254,
LOAD17,1000,248.1172,
LOAD17,1010,247.8389,
LOAD17,1020,248.6322,
LOAD17,1030,246.9723,
LOAD17,1040,246.9131,
LOAD17,1050,247.8019,
LOAD17,1060,247.9297,
LOAD17,1070,249.2386,
LOAD17,1080,247.3474,
LOAD17,1090,246.8057,
LOAD17,1100,245.3365,
LOAD17,1110,245.5764,
LOAD17,1120,247.2527,
LOAD17,1130,247.0923,
LOAD17,1140,245.9607,
LOAD17,1150,247.4071,
LOAD17,1160,247.3284,
LOAD17,1170,246.8992,
LOAD17,1180,246.7843,
LOAD17,1190,247.9693,
LOAD17,1200,247.6083,
LOAD17,1210,248.393,
LOAD17,1220,247.1827,
LOAD17,1230,247.5418,
LOAD17,1240,247.7286,
LOAD17,1250,247.8684,
LOAD17,1260,247.6909,
LOAD17,1270,248.0996,
LOAD17,1280,248.3887,
LOAD17,1290,248.2262,
LOAD17,1300,248.2883,
LOAD17,1310,247.9887,
LOAD17,1320,247.958,
LOAD17,1330,247.9802,
LOAD17,1340,248.5377,
LOAD17,1350,247.5629,
LOAD17,1360,247.623,
LOAD17,1370,247.7303,
LOAD17,1380,248.0008,
LOAD17,1390,247.668,
LOAD17,1400,247.5697,
LOAD17,1410,247.2281,
LOAD17,1420,247.6501,
LOAD17,1430,247.5105,
LOAD17,1440,247.4521,
LOAD18,10,246.6054,
LOAD18,20,247.8598,
LOAD18,30,247.9642,
LOAD18,40,248.1576,
LOAD18,50,248.3322,
LOAD18,60,248.4023,
LOAD18,70,248.2416,
LOAD18,80,248.2781,
LOAD18,90,248.102,
LOAD18,100,248.064,
LOAD18,110,248.1284,
LOAD18,120,248.0491,
LOAD18,130,248.1699,
LOAD18,140,248.1988,
LOAD18,150,248.307,
LOAD18,160,248.0133,
LOAD18,170,247.9477,
LOAD18,180,247.9676,
LOAD18,190,248.0868,
LOAD18,200,248.2541,
LOAD18,210,248.2938,
LOAD18,220,248.2188,
LOAD18,230,248.0413,
LOAD18,240,248.3585,
LOAD18,250,248.0374,
LOAD18,260,248.1016,
LOAD18,270,248.1119,
LOAD18,280,248.4,
LOAD18,290,248.2715,
LOAD18,300,248.2343,
LOAD18,310,248.1964,
LOAD18,320,248.0032,
LOAD18,330,248.1639,
LOAD18,340,248.2553,
LOAD18,350,248.2255,
LOAD18,360,248.3792,
LOAD18,370,248.4425,
LOAD18,380,248.4154,
LOAD18,390,248.4765,
LOAD18,400,248.907,
LOAD18,410,247.7159,
LOAD18,420,247.7061,
LOAD18,430,247.1097,
LOAD18,440,248.7876,
LOAD18,450,248.3271,
LOAD18,460,248.3968,
LOAD18,470,248.3839,
LOAD18,480,247.837,
LOAD18,490,247.8405,
LOAD18,500,247.9544,
LOAD18,510,248.8082,
LOAD18,520,248.7995,
LOAD18,530,249.0433,
LOAD18,540,248.3636,
LOAD18,550,248.4715,
LOAD18,560,248.9043,
LOAD18,570,249.2466,
LOAD18,580,248.9375,
LOAD18,590,248.8082,
LOAD18,600,248.6535,
LOAD18,610,249.2828,
LOAD18,620,248.9705,
LOAD18,630,249.4231,
LOAD18,640,249.3436,
LOAD18,650,249.2588,
LOAD18,660,249.1793,
LOAD18,670,249.1033,
LOAD18,680,248.9964,
LOAD18,690,248.2859,
LOAD18,700,249.0119,
LOAD18,710,249.8178,
LOAD18,720,249.9476,
LOAD18,730,249.9319,
LOAD18,740,249.0763,
LOAD18,750,248.2201,
LOAD18,760,249.8594,
LOAD18,770,250.0133,
LOAD18,780,250.6566,
LOAD18,790,249.7461,
LOAD18,800,248.9934,
LOAD18,810,249.9973,
LOAD18,820,249.7124,
LOAD18,830,250.5204,
LOAD18,840,250.1435,
LOAD18,850,249.5234,
LOAD18,860,249.7198,
LOAD18,870,249.2846,
LOAD18,880,248.6398,
LOAD18,890,249.185,
LOAD18,900,249.9668,
LOAD18,910,249.9342,
LOAD18,920,249.7289,
LOAD18,930,249.2927,
LOAD18,940,249.1035,
LOAD18,950,248.7005,
LOAD18,960,249.1828,
LOAD18,970,248.8845,
LOAD18,980,247.8254,
LOAD18,990,248.7742,
LOAD18,1000,248.1678,
LOAD18,1010,247.8889,
LOAD18,1020,248.679,
LOAD18,1030,246.9764,
LOAD18,1040,246.9194,
LOAD18,1050,247.8376,
LOAD18,1060,247.9653,
LOAD18,1070,249.2656,
LOAD18,1080,247.3504,
LOAD18,1090,246.8022,
LOAD18,1100,245.3395,
LOAD18,1110,245.6262,
LOAD18,1120,247.2877,
LOAD18,1130,247.1077,
LOAD18,1140,245.9321,
LOAD18,1150,247.4167,
LOAD18,1160,247.3592,
LOAD18,1170,246.9215,
LOAD18,1180,246.8081,
LOAD18,1190,247.9906,
LOAD18,1200,247.6271,
LOAD18,1210,248.3991,
LOAD18,1220,247.1874,
LOAD18,1230,247.5438,
LOAD18,1240,247.7255,
LOAD18,1250,247.8642,
LOAD18,1260,247.688,
LOAD18,1270,248.0968,
LOAD18,1280,248.3859,
LOAD18,1290,248.2274,
LOAD18,1300,248.2901,
LOAD18,1310,247.99,
LOAD18,1320,247.961,
LOAD18,1330,247.9824,
LOAD18,1340,248.5396,
LOAD18,1350,247.563,
LOAD18,1360,247.6165,
LOAD18,1370,247.7205,
LOAD18,1380,247.9895,
LOAD18,1390,247.6557,
LOAD18,1400,247.5526,
LOAD18,1410,247.2066,
LOAD18,1420,247.6362,
LOAD18,1430,247.5028,
LOAD18,1440,247.4423,
LOAD19,10,247.8731,
LOAD19,20,247.9483,
LOAD19,30,247.911,
LOAD19,40,248.0607,
LOAD19,50,248.2494,
LOAD19,60,248.2989,
LOAD19,70,248.1643,
LOAD19,80,248.0803,
LOAD19,90,248.0703,
LOAD19,100,247.9789,
LOAD19,110,247.9611,
LOAD19,120,248.0413,
LOAD19,130,247.9381,
LOAD19,140,247.8667,
LOAD19,150,248.0108,
LOAD19,160,247.9749,
LOAD19,170,247.957,
LOAD19,180,247.9054,
LOAD19,190,247.9782,
LOAD19,200,247.8638,
LOAD19,210,248.0331,
LOAD19,220,248.011,
LOAD19,230,247.9809,
LOAD19,240,246.6173,
LOAD19,250,247.8457,
LOAD19,260,247.8707,
LOAD19,270,248.0141,
LOAD19,280,248.298,
LOAD19,290,248.0935,
LOAD19,300,248.192,
LOAD19,310,248.0999,
LOAD19,320,248.0603,
LOAD19,330,248.0247,
LOAD19,340,248.1595,
LOAD19,350,248.4443,
LOAD19,360,248.479,
LOAD19,370,248.6718,
LOAD19,380,248.6531,
LOAD19,390,248.7291,
LOAD19,400,246.6051,
LOAD19,410,246.9481,
LOAD19,420,248.0505,
LOAD19,430,250.2703,
LOAD19,440,250.0734,
LOAD19,450,249.8773,
LOAD19,460,249.7379,
LOAD19,470,249.8898,
LOAD19,480,249.2754,
LOAD19,490,250.0368,
LOAD19,500,249.8834,
LOAD19,510,250.1868,
LOAD19,520,249.7996,
LOAD19,530,249.7461,
LOAD19,540,249.3925,
LOAD19,550,249.4113,
LOAD19,560,250.5398,
LOAD19,570,248.697,
LOAD19,580,247.6282,
LOAD19,590,248.7186,
LOAD19,600,250.039,
LOAD19,610,250.2738,
LOAD19,620,251.1373,
LOAD19,630,250.1458,
LOAD19,640,250.5177,
LOAD19,650,250.8004,
LOAD19,660,251.088,
LOAD19,670,251.2962,
LOAD19,680,251.6963,
LOAD19,690,251.6111,
LOAD19,700,251.8646,
LOAD19,710,251.9882,
LOAD19,720,252.2273,
LOAD19,730,252.2811,
LOAD19,740,251.4451,
LOAD19,750,252.1869,
LOAD19,760,252.2086,
LOAD19,770,252.5789,
LOAD19,780,251.1861,
LOAD19,790,251.4599,
LOAD19,800,252.6562,
LOAD19,810,252.2014,
LOAD19,820,252.0946,
LOAD19,830,252.1178,
LOAD19,840,251.6453,
LOAD19,850,251.7437,
LOAD19,860,251.5196,
LOAD19,870,252.3153,
LOAD19,880,251.786,
LOAD19,890,249.927,
LOAD19,900,250.3986,
LOAD19,910,251.1759,
LOAD19,920,251.7168,
LOAD19,930,250.5602,
LOAD19,940,250.5571,
LOAD19,950,250.6133,
LOAD19,960,250.388,
LOAD19,970,250.8324,
LOAD19,980,250.6782,
LOAD19,990,250.3324,
LOAD19,1000,248.8339,
LOAD19,1010,250.308,
LOAD19,1020,250.3288,
LOAD19,1030,249.7199,
LOAD19,1040,247.5546,
LOAD19,1050,248.3522,
LOAD19,1060,248.1161,
LOAD19,1070,246.3286,
LOAD19,1080,246.3392,
LOAD19,1090,248.2142,
LOAD19,1100,248.7164,
LOAD19,1110,248.3825,
LOAD19,1120,245.0969,
LOAD19,1130,246.1302,
LOAD19,1140,247.5982,
LOAD19,1150,247.322,
LOAD19,1160,248.2036,
LOAD19,1170,246.8632,
LOAD19,1180,248.4704,
LOAD19,1190,246.7446,
LOAD19,1200,246.0948,
LOAD19,1210,247.6921,
LOAD19,1220,247.7693,
LOAD19,1230,247.2323,
LOAD19,1240,246.9709,
LOAD19,1250,247.1112,
LOAD19,1260,247.0359,
LOAD19,1270,246.1579,
LOAD19,1280,245.5394,
LOAD19,1290,245.8007,
LOAD19,1300,246.8609,
LOAD19,1310,247.2749,
LOAD19,1320,246.808,
LOAD19,1330,247.5042,
LOAD19,1340,246.2952,
LOAD19,1350,247.3632,
LOAD19,1360,247.5416,
LOAD19,1370,246.3595,
LOAD19,1380,246.6389,
LOAD19,1390,246.5658,
LOAD19,1400,246.3734,
LOAD19,1410,247.586,
LOAD19,1420,247.875,
LOAD19,1430,247.8314,
LOAD19,1440,247.8406,
LOAD20,10,247.869,
LOAD20,20,247.944,
LOAD20,30,247.9077,
LOAD20,40,248.0575,
LOAD20,50,248.2497,
LOAD20,60,248.2992,
LOAD20,70,248.1646,
LOAD20,80,248.0806,
LOAD20,90,248.0705,
LOAD20,100,247.9803,
LOAD20,110,247.9625,
LOAD20,120,248.0428,
LOAD20,130,247.9406,
LOAD20,140,247.8583,
LOAD20,150,248.0013,
LOAD20,160,247.9654,
LOAD20,170,247.9521,
LOAD20,180,247.9005,
LOAD20,190,247.9785,
LOAD20,200,247.8641,
LOAD20,210,248.0333,
LOAD20,220,248.0123,
LOAD20,230,247.9835,
LOAD20,240,246.6198,
LOAD20,250,247.8471,
LOAD20,260,247.8722,
LOAD20,270,248.0098,
LOAD20,280,248.2937,
LOAD20,290,248.0891,
LOAD20,300,248.1923,
LOAD20,310,248.0951,
LOAD20,320,248.0573,
LOAD20,330,248.0227,
LOAD20,340,248.1578,
LOAD20,350,248.45,
LOAD20,360,248.4876,
LOAD20,370,248.6822,
LOAD20,380,248.6654,
LOAD20,390,248.7385,
LOAD20,400,246.6153,
LOAD20,410,246.9596,
LOAD20,420,248.0695,
LOAD20,430,250.2912,
LOAD20,440,250.0952,
LOAD20,450,249.9012,
LOAD20,460,249.763,
LOAD20,470,249.9118,
LOAD20,480,249.2445,
LOAD20,490,250.0639,
LOAD20,500,249.9095,
LOAD20,510,250.2223,
LOAD20,520,249.8339,
LOAD20,530,249.7756,
LOAD20,540,249.4235,
LOAD20,550,249.4489,
LOAD20,560,250.5761,
LOAD20,570,248.7388,
LOAD20,580,247.6736,
LOAD20,590,248.7836,
LOAD20,600,250.0975,
LOAD20,610,250.3334,
LOAD20,620,251.191,
LOAD20,630,250.1938,
LOAD20,640,250.5632,
LOAD20,650,250.8481,
LOAD20,660,251.125,
LOAD20,670,251.3438,
LOAD20,680,251.7507,
LOAD20,690,251.6677,
LOAD20,700,251.9256,
LOAD20,710,252.0512,
LOAD20,720,252.2905,
LOAD20,730,252.3446,
LOAD20,740,251.5093,
LOAD20,750,252.2523,
LOAD20,760,252.2757,
LOAD20,770,252.6404,
LOAD20,780,251.1965,
LOAD20,790,251.4639,
LOAD20,800,252.7142,
LOAD20,810,252.261,
LOAD20,820,252.1537,
LOAD20,830,252.1763,
LOAD20,840,251.6548,
LOAD20,850,251.7527,
LOAD20,860,251.5899,
LOAD20,870,252.3712,
LOAD20,880,251.8407,
LOAD20,890,249.9267,
LOAD20,900,250.458,
LOAD20,910,251.2349,
LOAD20,920,251.765,
LOAD20,930,250.6056,
LOAD20,940,250.5581,
LOAD20,950,250.6109,
LOAD20,960,250.4258,
LOAD20,970,250.8891,
LOAD20,980,250.7336,
LOAD20,990,250.3775,
LOAD20,1000,248.8921,
LOAD20,1010,250.3511,
LOAD20,1020,250.3729,
LOAD20,1030,249.7628,
LOAD20,1040,247.5962,
LOAD20,1050,248.3956,
LOAD20,1060,248.1573,
LOAD20,1070,246.3847,
LOAD20,1080,246.3928,
LOAD20,1090,248.2471,
LOAD20,1100,248.7486,
LOAD20,1110,248.4048,
LOAD20,1120,245.1035,
LOAD20,1130,246.1415,
LOAD20,1140,247.604,
LOAD20,1150,247.3192,
LOAD20,1160,248.205,
LOAD20,1170,246.8663,
LOAD20,1180,248.4692,
LOAD20,1190,246.7324,
LOAD20,1200,246.0847,
LOAD20,1210,247.6751,
LOAD20,1220,247.757,
LOAD20,1230,247.2219,
LOAD20,1240,246.9557,
LOAD20,1250,247.0899,
LOAD20,1260,247.0209,
LOAD20,1270,246.1347,
LOAD20,1280,245.511,
LOAD20,1290,245.7716,
LOAD20,1300,246.8357,
LOAD20,1310,247.2573,
LOAD20,1320,246.7935,
LOAD20,1330,247.4914,
LOAD20,1340,246.2827,
LOAD20,1350,247.3525,
LOAD20,1360,247.5277,
LOAD20,1370,246.3506,
LOAD20,1380,246.6295,
LOAD20,1390,246.5584,
LOAD20,1400,246.3571,
LOAD20,1410,247.5691,
LOAD20,1420,247.8612,
LOAD20,1430,247.8206,
LOAD20,1440,247.8331,
LOAD21,10,247.5467,
LOAD21,20,247.2242,
LOAD21,30,247.0993,
LOAD21,40,247.1341,
LOAD21,50,247.3563,
LOAD21,60,247.2561,
LOAD21,70,247.9478,
LOAD21,80,247.946,
LOAD21,90,248.0228,
LOAD21,100,247.94,
LOAD21,110,248.0304,
LOAD21,120,247.8834,
LOAD21,130,247.8461,
LOAD21,140,247.9012,
LOAD21,150,247.9268,
LOAD21,160,247.9262,
LOAD21,170,247.8922,
LOAD21,180,248.0099,
LOAD21,190,248.0924,
LOAD21,200,248.015,
LOAD21,210,248.0824,
LOAD21,220,247.8962,
LOAD21,230,247.9755,
LOAD21,240,248.5053,
LOAD21,250,248.2649,
LOAD21,260,248.2361,
LOAD21,270,248.0982,
LOAD21,280,247.0793,
LOAD21,290,247.7624,
LOAD21,300,247.7168,
LOAD21,310,247.6673,
LOAD21,320,247.9127,
LOAD21,330,248.1471,
LOAD21,340,248.4113,
LOAD21,350,248.4268,
LOAD21,360,248.453,
LOAD21,370,248.4418,
LOAD21,380,248.6568,
LOAD21,390,248.5686,
LOAD21,400,248.6606,
LOAD21,410,248.9513,
LOAD21,420,249.0179,
LOAD21,430,247.4898,
LOAD21,440,247.4717,
LOAD21,450,249.7167,
LOAD21,460,250.0892,
LOAD21,470,250.0612,
LOAD21,480,250.4285,
LOAD21,490,250.2417,
LOAD21,500,250.448,
LOAD21,510,249.875,
LOAD21,520,250.7322,
LOAD21,530,251.0386,
LOAD21,540,250.7115,
LOAD21,550,250.2071,
LOAD21,560,249.1141,
LOAD21,570,250.7722,
LOAD21,580,251.3752,
LOAD21,590,251.3521,
LOAD21,600,250.9036,
LOAD21,610,250.9459,
LOAD21,620,249.9574,
LOAD21,630,250.6136,
LOAD21,640,251.0698,
LOAD21,650,251.9921,
LOAD21,660,252.1571,
LOAD21,670,252.2871,
LOAD21,680,252.2645,
LOAD21,690,252.5439,
LOAD21,700,252.2443,
LOAD21,710,251.5396,
LOAD21,720,251.0148,
LOAD21,730,250.4561,
LOAD21,740,252.7858,
LOAD21,750,252.9735,
LOAD21,760,252.498,
LOAD21,770,251.8193,
LOAD21,780,250.5362,
LOAD21,790,249.9005,
LOAD21,800,251.595,
LOAD21,810,251.3824,
LOAD21,820,251.8256,
LOAD21,830,248.4113,
LOAD21,840,250.7358,
LOAD21,850,250.8164,
LOAD21,860,250.7428,
LOAD21,870,251.0779,
LOAD21,880,251.101,
LOAD21,890,250.9318,
LOAD21,900,250.6178,
LOAD21,910,249.7772,
LOAD21,920,250.3633,
LOAD21,930,249.4078,
LOAD21,940,249.3245,
LOAD21,950,249.9258,
LOAD21,960,249.4763,
LOAD21,970,248.4518,
LOAD21,980,249.7146,
LOAD21,990,249.7016,
LOAD21,1000,250.206,
LOAD21,1010,249.5945,
LOAD21,1020,249.9121,
LOAD21,1030,251.2005,
LOAD21,1040,251.0006,
LOAD21,1050,250.8273,
LOAD21,1060,250.5628,
LOAD21,1070,250.5712,
LOAD21,1080,251.2156,
LOAD21,1090,250.3578,
LOAD21,1100,249.5219,
LOAD21,1110,247.8027,
LOAD21,1120,248.941,
LOAD21,1130,248.9077,
LOAD21,1140,247.3416,
LOAD21,1150,246.1912,
LOAD21,1160,244.5251,
LOAD21,1170,247.3485,
LOAD21,1180,246.3142,
LOAD21,1190,246.6166,
LOAD21,1200,247.7459,
LOAD21,1210,246.5,
LOAD21,1220,247.0799,
LOAD21,1230,246.8161,
LOAD21,1240,246.5521,
LOAD21,1250,246.872,
LOAD21,1260,247.124,
LOAD21,1270,246.3805,
LOAD21,1280,245.625,
LOAD21,1290,246.4094,
LOAD21,1300,246.4837,
LOAD21,1310,246.3152,
LOAD21,1320,246.4693,
LOAD21,1330,246.5379,
LOAD21,1340,246.8203,
LOAD21,1350,246.9956,
LOAD21,1360,246.9272,
LOAD21,1370,247.3799,
LOAD21,1380,247.0185,
LOAD21,1390,247.9425,
LOAD21,1400,248.0255,
LOAD21,1410,247.7958,
LOAD21,1420,247.2866,
LOAD21,1430,248.0271,
LOAD21,1440,248.1043,
LOAD22,10,247.8894,
LOAD22,20,247.9594,
LOAD22,30,247.9226,
LOAD22,40,248.0724,
LOAD22,50,248.2414,
LOAD22,60,248.2984,
LOAD22,70,248.1638,
LOAD22,80,248.0791,
LOAD22,90,248.069,
LOAD22,100,247.9943,
LOAD22,110,247.9698,
LOAD22,120,248.0535,
LOAD22,130,247.9568,
LOAD22,140,247.8903,
LOAD22,150,248.0284,
LOAD22,160,248,
LOAD22,170,247.9763,
LOAD22,180,247.9208,
LOAD22,190,247.9796,
LOAD22,200,247.8558,
LOAD22,210,248.025,
LOAD22,220,248.0197,
LOAD22,230,247.997,
LOAD22,240,246.6232,
LOAD22,250,247.845,
LOAD22,260,247.8794,
LOAD22,270,248.0288,
LOAD22,280,248.3166,
LOAD22,290,248.1045,
LOAD22,300,248.1973,
LOAD22,310,248.1147,
LOAD22,320,248.0763,
LOAD22,330,248.0379,
LOAD22,340,248.1594,
LOAD22,350,248.4451,
LOAD22,360,248.4827,
LOAD22,370,248.6691,
LOAD22,380,248.6388,
LOAD22,390,248.7139,
LOAD22,400,246.2884,
LOAD22,410,246.6246,
LOAD22,420,247.7258,
LOAD22,430,250.2317,
LOAD22,440,250.0072,
LOAD22,450,249.8066,
LOAD22,460,249.6241,
LOAD22,470,249.7874,
LOAD22,480,249.2416,
LOAD22,490,249.9244,
LOAD22,500,249.7744,
LOAD22,510,250.0674,
LOAD22,520,249.6972,
LOAD22,530,249.6187,
LOAD22,540,249.2361,
LOAD22,550,249.2744,
LOAD22,560,250.4473,
LOAD22,570,248.4423,
LOAD22,580,247.3685,
LOAD22,590,248.5068,
LOAD22,600,249.7992,
LOAD22,610,250.1477,
LOAD22,620,251.013,
LOAD22,630,249.856,
LOAD22,640,250.3652,
LOAD22,650,250.678,
LOAD22,660,250.9539,
LOAD22,670,251.1353,
LOAD22,680,251.5288,
LOAD22,690,251.4356,
LOAD22,700,251.7344,
LOAD22,710,251.8469,
LOAD22,720,252.0821,
LOAD22,730,252.1256,
LOAD22,740,251.2894,
LOAD22,750,252.0277,
LOAD22,760,252.057,
LOAD22,770,252.4502,
LOAD22,780,251.1208,
LOAD22,790,251.4018,
LOAD22,800,252.5218,
LOAD22,810,252.0769,
LOAD22,820,251.9581,
LOAD22,830,251.9824,
LOAD22,840,251.5726,
LOAD22,850,251.6763,
LOAD22,860,251.4723,
LOAD22,870,252.1895,
LOAD22,880,251.6693,
LOAD22,890,249.8854,
LOAD22,900,250.3841,
LOAD22,910,251.176,
LOAD22,920,251.6235,
LOAD22,930,250.4844,
LOAD22,940,250.5383,
LOAD22,950,250.5735,
LOAD22,960,250.3755,
LOAD22,970,250.7938,
LOAD22,980,250.637,
LOAD22,990,250.2412,
LOAD22,1000,248.8201,
LOAD22,1010,250.2146,
LOAD22,1020,250.2401,
LOAD22,1030,249.622,
LOAD22,1040,247.1765,
LOAD22,1050,247.9629,
LOAD22,1060,247.7474,
LOAD22,1070,246.0745,
LOAD22,1080,246.3336,
LOAD22,1090,248.1232,
LOAD22,1100,248.6179,
LOAD22,1110,248.3153,
LOAD22,1120,244.6756,
LOAD22,1130,245.6969,
LOAD22,1140,247.3558,
LOAD22,1150,247.105,
LOAD22,1160,248.1046,
LOAD22,1170,246.6039,
LOAD22,1180,248.4432,
LOAD22,1190,246.7239,
LOAD22,1200,246.0757,
LOAD22,1210,247.6723,
LOAD22,1220,247.7304,
LOAD22,1230,247.1941,
LOAD22,1240,246.9336,
LOAD22,1250,247.0526,
LOAD22,1260,246.9727,
LOAD22,1270,245.9606,
LOAD22,1280,245.3512,
LOAD22,1290,245.6328,
LOAD22,1300,246.8865,
LOAD22,1310,247.2745,
LOAD22,1320,246.8337,
LOAD22,1330,247.5243,
LOAD22,1340,246.3464,
LOAD22,1350,247.4049,
LOAD22,1360,247.5714,
LOAD22,1370,246.3815,
LOAD22,1380,246.6561,
LOAD22,1390,246.5866,
LOAD22,1400,246.4031,
LOAD22,1410,247.6175,
LOAD22,1420,247.9012,
LOAD22,1430,247.8537,
LOAD22,1440,247.8681,
LOAD23,10,247.5507,
LOAD23,20,247.2283,
LOAD23,30,247.1097,
LOAD23,40,247.1445,
LOAD23,50,247.3519,
LOAD23,60,247.23,
LOAD23,70,247.9217,
LOAD23,80,247.922,
LOAD23,90,247.9988,
LOAD23,100,247.9166,
LOAD23,110,248.0265,
LOAD23,120,247.8865,
LOAD23,130,247.8491,
LOAD23,140,247.9043,
LOAD23,150,247.9309,
LOAD23,160,247.9085,
LOAD23,170,247.8746,
LOAD23,180,247.9843,
LOAD23,190,248.0885,
LOAD23,200,248.0106,
LOAD23,210,248.078,
LOAD23,220,247.8792,
LOAD23,230,247.9585,
LOAD23,240,248.5008,
LOAD23,250,248.2604,
LOAD23,260,248.2322,
LOAD23,270,248.0726,
LOAD23,280,247.0616,
LOAD23,290,247.7664,
LOAD23,300,247.7208,
LOAD23,310,247.6787,
LOAD23,320,247.9175,
LOAD23,330,248.1544,
LOAD23,340,248.4147,
LOAD23,350,248.4143,
LOAD23,360,248.4445,
LOAD23,370,248.4153,
LOAD23,380,248.6543,
LOAD23,390,248.5706,
LOAD23,400,248.7033,
LOAD23,410,249.0094,
LOAD23,420,249.0901,
LOAD23,430,247.5597,
LOAD23,440,247.5386,
LOAD23,450,249.7913,
LOAD23,460,250.1627,
LOAD23,470,250.1348,
LOAD23,480,250.4846,
LOAD23,490,250.2781,
LOAD23,500,250.5096,
LOAD23,510,249.9466,
LOAD23,520,250.8245,
LOAD23,530,251.1243,
LOAD23,540,250.7982,
LOAD23,550,250.3517,
LOAD23,560,249.0514,
LOAD23,570,250.9237,
LOAD23,580,251.4407,
LOAD23,590,251.4226,
LOAD23,600,250.9956,
LOAD23,610,251.0738,
LOAD23,620,250.1711,
LOAD23,630,250.8065,
LOAD23,640,251.1623,
LOAD23,650,252.1092,
LOAD23,660,252.2973,
LOAD23,670,252.4302,
LOAD23,680,252.4127,
LOAD23,690,252.6633,
LOAD23,700,252.3794,
LOAD23,710,251.6998,
LOAD23,720,251.1768,
LOAD23,730,250.6049,
LOAD23,740,252.9342,
LOAD23,750,253.1228,
LOAD23,760,252.6481,
LOAD23,770,251.9515,
LOAD23,780,250.6693,
LOAD23,790,250.0114,
LOAD23,800,251.7312,
LOAD23,810,251.5184,
LOAD23,820,251.9754,
LOAD23,830,248.555,
LOAD23,840,250.8674,
LOAD23,850,250.9232,
LOAD23,860,250.8383,
LOAD23,870,251.1634,
LOAD23,880,251.1859,
LOAD23,890,251.0534,
LOAD23,900,250.709,
LOAD23,910,249.8527,
LOAD23,920,250.4407,
LOAD23,930,249.1149,
LOAD23,940,249.1334,
LOAD23,950,249.7426,
LOAD23,960,249.4601,
LOAD23,970,248.4795,
LOAD23,980,249.6677,
LOAD23,990,249.6736,
LOAD23,1000,250.2057,
LOAD23,1010,249.5811,
LOAD23,1020,249.9863,
LOAD23,1030,251.2859,
LOAD23,1040,251.07,
LOAD23,1050,250.9,
LOAD23,1060,250.6319,
LOAD23,1070,250.5608,
LOAD23,1080,251.2812,
LOAD23,1090,250.4248,
LOAD23,1100,249.5989,
LOAD23,1110,247.8378,
LOAD23,1120,248.9856,
LOAD23,1130,248.9464,
LOAD23,1140,247.3896,
LOAD23,1150,246.2227,
LOAD23,1160,244.6257,
LOAD23,1170,247.3442,
LOAD23,1180,246.0737,
LOAD23,1190,246.5809,
LOAD23,1200,247.7281,
LOAD23,1210,246.5195,
LOAD23,1220,247.074,
LOAD23,1230,246.7501,
LOAD23,1240,246.6068,
LOAD23,1250,246.8636,
LOAD23,1260,247.1021,
LOAD23,1270,246.3465,
LOAD23,1280,245.5645,
LOAD23,1290,246.3702,
LOAD23,1300,246.4599,
LOAD23,1310,246.271,
LOAD23,1320,246.3765,
LOAD23,1330,246.4524,
LOAD23,1340,246.7767,
LOAD23,1350,246.9735,
LOAD23,1360,246.8988,
LOAD23,1370,247.3401,
LOAD23,1380,246.9833,
LOAD23,1390,247.9763,
LOAD23,1400,248.0585,
LOAD23,1410,247.8288,
LOAD23,1420,247.2604,
LOAD23,1430,248.001,
LOAD23,1440,248.0787,
